{"current":{"color_background_body":"#ffffff","color_border":"#d4d4d4","color_overlay":"#181818","color_text":"#1d1d1d","color_text_link":"#000000","color_header_bg":"#000000","color_header_text":"#ffffff","color_background_footer":"#F4F4F4","color_text_footer":"#1D1D1D","color_background_button":"#191919","color_background_contrast":"#f4f4f4","color_text_contrast":"#000000","color_border_contrast":"#d4d4d4","color_background_button_contrast":"#000000","color_text_button_contrast":"#ffffff","color_text_link_contrast":"#000000","color_background_popover":"#131313","color_border_popover":"#3D3D3D","color_background_button_popover":"#ffffff","color_text_button_popover":"#131313","font_logo":"frutiger_serif_n7","capitalize_logo":false,"logo_letter_spacing":0,"logo_base_size":37,"font_heading":"frutiger_serif_n7","heading_letter_spacing":-25,"heading_base_size":48,"font_body":"assistant_n4","capitalize_product_title":true,"product_title_letter_spacing":25,"button_shape":"0","swatch_options":"Color","variant_popup_page":"size-guide","social_twitter_link":"","social_facebook_link":"","social_pinterest_link":"","social_instagram_link":"","social_snapchat_link":"","social_tumblr_link":"","color_border_header":"#363636","sections":{"announcement-bar":{"type":"announcement-bar","blocks":{"announcement-bar-0":{"type":"announcement","settings":{"title":"Announce something here","link":"https:\/\/fluorescent.co\/help\/spark\/announcement-bar#set-up-the-announcement-bar","color_background":"#ffffff","color_text":"#000000"}},"6babe932-3e75-48f4-8e66-f0777108ae33":{"type":"announcement","settings":{"title":"Announce something here","link":"https:\/\/fluorescent.co\/help\/spark\/announcement-bar#set-up-the-announcement-bar","color_background":"#ffffff","color_text":"#191919"}}},"block_order":["announcement-bar-0","6babe932-3e75-48f4-8e66-f0777108ae33"],"settings":{"timing":4}},"header":{"type":"header","settings":{"logo_max_width":200,"menu":"main-menu","style":"icon","navigation_position":"inline","logo_position":"center","enable_transparent_home":true,"color_text_transparent":"#ffffff","color_icon_transparent":"#ffffff","color_count_transparent":"#000000","color_border_transparent":"#ffffff","opacity_border_transparent":0}},"footer":{"type":"footer","blocks":{"newsletter-1":{"type":"newsletter","settings":{"title":"Newsletter","text":"<p>Subscribe for store updates and discounts.<\/p>"}}},"block_order":["newsletter-1"],"settings":{"show_locale_selector":true,"show_currency_selector":true,"show_social_icons":true,"show_payment_icons":true}},"popup":{"type":"popup","settings":{}}}},"presets":{"Chic":{"color_background_body":"#ffffff","color_border":"#d4d4d4","color_overlay":"#181818","color_text":"#1d1d1d","color_text_link":"#000000","color_header_bg":"#000000","color_header_text":"#ffffff","color_background_footer":"#F4F4F4","color_text_footer":"#1D1D1D","color_background_button":"#191919","color_background_contrast":"#f4f4f4","color_text_contrast":"#000000","color_border_contrast":"#d4d4d4","color_background_button_contrast":"#000000","color_text_button_contrast":"#ffffff","color_text_link_contrast":"#000000","color_background_popover":"#131313","color_border_popover":"#3D3D3D","color_background_button_popover":"#ffffff","color_text_button_popover":"#131313","font_logo":"frutiger_serif_n7","capitalize_logo":false,"logo_letter_spacing":0,"logo_base_size":37,"font_heading":"frutiger_serif_n7","heading_letter_spacing":-25,"heading_base_size":48,"font_body":"assistant_n4","capitalize_product_title":true,"product_title_letter_spacing":25,"button_shape":"0","swatch_options":"Color","variant_popup_page":"size-guide","social_twitter_link":"","social_facebook_link":"","social_pinterest_link":"","social_instagram_link":"","social_snapchat_link":"","social_tumblr_link":"","color_border_header":"#363636","sections":{"announcement-bar":{"type":"announcement-bar","blocks":{"announcement-bar-0":{"type":"announcement","settings":{"title":"Announce something here","link":"https:\/\/fluorescent.co\/help\/spark\/announcement-bar#set-up-the-announcement-bar","color_background":"#ffffff","color_text":"#000000"}},"6babe932-3e75-48f4-8e66-f0777108ae33":{"type":"announcement","settings":{"title":"Announce something here","link":"https:\/\/fluorescent.co\/help\/spark\/announcement-bar#set-up-the-announcement-bar","color_background":"#ffffff","color_text":"#191919"}}},"block_order":["announcement-bar-0","6babe932-3e75-48f4-8e66-f0777108ae33"],"settings":{"timing":4}},"header":{"type":"header","settings":{"logo_max_width":200,"menu":"main-menu","style":"icon","navigation_position":"inline","logo_position":"center","enable_transparent_home":true,"color_text_transparent":"#ffffff","color_icon_transparent":"#ffffff","color_count_transparent":"#000000","color_border_transparent":"#ffffff","opacity_border_transparent":0}},"footer":{"type":"footer","blocks":{"newsletter-1":{"type":"newsletter","settings":{"title":"Newsletter","text":"<p>Subscribe for store updates and discounts.<\/p>"}}},"block_order":["newsletter-1"],"settings":{"show_locale_selector":true,"show_currency_selector":true,"show_social_icons":true,"show_payment_icons":true}},"popup":{"type":"popup","settings":{}}}},"Clean":{"color_background_body":"#ffffff","color_border":"#d4d4d4","color_overlay":"#181818","color_text":"#101010","color_text_link":"#000000","color_header_bg":"#ffffff","color_header_text":"#080808","color_background_footer":"#1d1d1d","color_text_footer":"#ffffff","color_background_button":"#181818","color_text_button":"#ffffff","color_background_contrast":"#1d1d1d","color_text_contrast":"#ffffff","color_border_contrast":"#3b3b3b","color_background_button_contrast":"#393939","color_text_button_contrast":"#ffffff","color_text_link_contrast":"#ffffff","color_background_popover":"#131313","color_border_popover":"#3D3D3D","color_background_button_popover":"#ffffff","color_text_button_popover":"#131313","font_logo":"zurich_extended_n9","capitalize_logo":true,"logo_letter_spacing":75,"logo_base_size":40,"font_heading":"zurich_extended_n8","capitalize_headings":true,"heading_letter_spacing":0,"heading_base_size":40,"font_body":"ibm_plex_sans_n4","body_letter_spacing":0,"body_base_size":18,"capitalize_product_title":true,"product_title_letter_spacing":25,"button_style":"uppercase","button_shape":"0","swatch_options":"Material","enable_card_hover_options":true,"social_facebook_link":"x","social_instagram_link":"x","social_linkedin_link":"x","social_pinterest_link":"x","social_snapchat_link":"x","social_tiktok_link":"x","social_tumblr_link":"x","social_twitter_link":"x","variant_popup_page":"size-guide","color_border_header":"#363636","sections":{"announcement-bar":{"type":"announcement-bar","blocks":{"announcement-bar-0":{"type":"announcement","settings":{"title":"Announce something here","link":"https:\/\/fluorescent.co\/help\/spark\/announcement-bar#set-up-the-announcement-bar","color_background":"#292929","color_text":"#ffffff"}},"announcement-bar-1":{"type":"announcement","settings":{"title":"Announce something here","link":"https:\/\/fluorescent.co\/help\/spark\/announcement-bar#set-up-the-announcement-bar","color_background":"#292929","color_text":"#ffffff"}}},"block_order":["announcement-bar-0","announcement-bar-1"],"settings":{"timing":4}},"header":{"type":"header","settings":{"logo_max_width":200,"menu":"main-menu","secondary_menu":"","style":"inline","navigation_position":"below","logo_position":"center","enable_transparent_home":false,"color_text_transparent":"#ffffff","color_icon_transparent":"#ffffff","color_count_transparent":"#000000","color_border_transparent":"#ffffff","opacity_border_transparent":30}},"footer":{"type":"footer","blocks":{"newsletter-1":{"type":"newsletter","settings":{"title":"Newsletter","text":"<p>Subscribe for store updates and discounts.<\/p>"}}},"block_order":["newsletter-1"],"settings":{"show_locale_selector":true,"show_currency_selector":true,"show_social_icons":true,"show_payment_icons":true}},"popup":{"type":"popup","settings":{}}}},"Minimal":{"color_border":"#dddde1","color_text_link":"#b75c4c","color_background_button":"#b75a4e","color_border_contrast":"#d8dade","color_background_button_contrast":"#1C2232","color_text_popover":"#1c2232","color_background_popover":"#fdfdfd","color_border_popover":"#c2c5cc","font_logo":"abril_fatface_n4","capitalize_logo":true,"logo_letter_spacing":0,"logo_base_size":40,"font_heading":"georgia_pro_n7","capitalize_headings":false,"heading_letter_spacing":0,"heading_base_size":46,"font_body":"ibm_plex_sans_n4","body_letter_spacing":0,"body_base_size":18,"variant_popup_page":"size-guide","social_twitter_link":"","social_facebook_link":"","social_pinterest_link":"","social_instagram_link":"","social_snapchat_link":"","sections":{"announcement-bar":{"type":"announcement-bar","blocks":{"announcement-bar-0":{"type":"announcement","settings":{"title":"Announce something here","link":"https:\/\/fluorescent.co\/help\/spark\/announcement-bar#set-up-the-announcement-bar","color_background":"#1c2232","color_text":"#ffffff"}},"edba0405-b6f3-4251-856a-bce93ff6b8f3":{"type":"announcement","settings":{"title":"Announce something here","link":"https:\/\/fluorescent.co\/help\/spark\/announcement-bar#set-up-the-announcement-bar","color_background":"#1c2232","color_text":"#ffffff"}}},"block_order":["announcement-bar-0","edba0405-b6f3-4251-856a-bce93ff6b8f3"],"settings":{"timing":4}},"header":{"type":"header","settings":{"logo_max_width":200,"menu":"main-menu","secondary_menu":"","style":"icon","navigation_position":"below","logo_position":"center","enable_transparent_home":true,"color_text_transparent":"#ffffff","color_icon_transparent":"#ffffff","color_count_transparent":"#000000","color_border_transparent":"#ffffff","opacity_border_transparent":20}},"footer":{"type":"footer","blocks":{"newsletter-1":{"type":"newsletter","settings":{"title":"Newsletter","text":"<p>Subscribe for store updates and discounts.<\/p>"}}},"block_order":["newsletter-1"],"settings":{"show_locale_selector":true,"show_currency_selector":true,"show_social_icons":true,"show_payment_icons":true}},"popup":{"type":"popup","settings":{}}}}}}