Handle,Title,Body (HTML),Vendor,Standard Product Type,Custom Product Type,Tags,Published,Option1 Name,Option1 Value,Option2 Name,Option2 Value,Option3 Name,Option3 Value,Variant SKU,Variant Grams,Variant Inventory Tracker,Variant Inventory Qty,Variant Inventory Policy,Variant Fulfillment Service,Variant Price,Variant Compare At Price,Variant Requires Shipping,Variant Taxable,Variant Barcode,Image Src,Image Position,Image Alt Text,Gift Card,SEO Title,SEO Description,Google Shopping / Google Product Category,Google Shopping / Gender,Google Shopping / Age Group,Google Shopping / MPN,Google Shopping / AdWords Grouping,Google Shopping / AdWords Labels,Google Shopping / Condition,Google Shopping / Custom Product,Google Shopping / Custom Label 0,Google Shopping / Custom Label 1,Google Shopping / Custom Label 2,Google Shopping / Custom Label 3,Google Shopping / Custom Label 4,Variant Image,Variant Weight Unit,Variant Tax Code,Cost per item,Status
nourish-vitals,Nourish Vitals,"<div class=""py-4"">
<div class=""row"">
<div class=""col-md-6"" style=""text-align: start;"" data-mce-style=""text-align: start;""><img alt="""" src=""https://cdn.shopify.com/s/files/1/0606/0805/3436/files/img_des1.jpg?v=1642785568""></div>
<div style=""text-align: start;"" class=""col-md-6 info2"" data-mce-style=""text-align: start;"">
<div>
<h3>
<meta charset=""utf-8""> <b>Wine Gift Set Includes:</b>
</h3>
<p><meta charset=""utf-8""><meta charset=""utf-8""><span data-mce-fragment=""1"">The perfect way to gift this fantastic Champagne is in our gorgeous, luxury gold gift box. Sure to WOW your recipient!</span><br></p>
<p><span data-mce-fragment=""1""><meta charset=""utf-8"">The wine comes from the purest grape juice and it alone allows Laurent-Perrier to craft 'La Cuvée', a champagne of great finesse and a beautiful freshness obtained after a long ageing process in our cellars.Pale gold in color. Fine bubbles feed a persistent mousse. A delicate nose with hints of fresh citrus and white flowers</span></p>
</div>
<img src=""https://cdn.shopify.com/s/files/1/0606/0805/3436/files/img_des2.jpg?v=1642785600"" alt="""" data-mce-fragment=""1"" data-mce-src=""https://cdn.shopify.com/s/files/1/0606/0805/3436/files/img_des2.jpg?v=1642785600""><br>
</div>
</div>
</div>
<div class=""py-4 des-info"">
<div class=""text-center"">
<h3>Product Details</h3>
<p><meta charset=""utf-8""><span><meta charset=""utf-8"">The wine’s complexity is expressed in successive notes like vine peach and white fruits notes. A perfect balance between freshness and delicacy with fruity flavors very present on the finish.This fresh and pure wine is perfect for an apéritif. Its citrus and white fruits notes and its remarkable balance supported by a subtle effervescence, make it an ideal accompaniment to poultry and the finest fish. </span></p>
</div>
</div>
<div class=""text-center"">
<img src=""https://cdn.shopify.com/s/files/1/0606/0805/3436/files/img_des3.jpg?v=1642785621"" alt="""" data-mce-fragment=""1"" data-mce-src=""https://cdn.shopify.com/s/files/1/0606/0805/3436/files/img_des3.jpg?v=1642785621""><br>
</div>",Wineryn,,,"$10.00 - $20.00, Black",true,Title,Default Title,,,,,"",0.0,,0,deny,manual,17.00,60.00,true,true,"",https://cdn.shopify.com/s/files/1/0606/0805/3436/products/product56.jpg?v=1642869904,1,,false,,,,,,,,,,,,,,,,,kg,,,active
volka-vali,Volka Vali,"<div class=""py-4"">
<div class=""row"">
<div class=""col-md-6"" style=""text-align: start;"" data-mce-style=""text-align: start;""><img alt="""" src=""https://cdn.shopify.com/s/files/1/0606/0805/3436/files/img_des1.jpg?v=1642785568""></div>
<div style=""text-align: start;"" class=""col-md-6 info2"" data-mce-style=""text-align: start;"">
<div>
<h3>
<meta charset=""utf-8""> <b>Wine Gift Set Includes:</b>
</h3>
<p><meta charset=""utf-8""><meta charset=""utf-8""><span data-mce-fragment=""1"">The perfect way to gift this fantastic Champagne is in our gorgeous, luxury gold gift box. Sure to WOW your recipient!</span><br></p>
<p><span data-mce-fragment=""1""><meta charset=""utf-8"">The wine comes from the purest grape juice and it alone allows Laurent-Perrier to craft 'La Cuvée', a champagne of great finesse and a beautiful freshness obtained after a long ageing process in our cellars.Pale gold in color. Fine bubbles feed a persistent mousse. A delicate nose with hints of fresh citrus and white flowers</span></p>
</div>
<img src=""https://cdn.shopify.com/s/files/1/0606/0805/3436/files/img_des2.jpg?v=1642785600"" alt="""" data-mce-fragment=""1"" data-mce-src=""https://cdn.shopify.com/s/files/1/0606/0805/3436/files/img_des2.jpg?v=1642785600""><br>
</div>
</div>
</div>
<div class=""py-4 des-info"">
<div class=""text-center"">
<h3>Product Details</h3>
<p><meta charset=""utf-8""><span><meta charset=""utf-8"">The wine’s complexity is expressed in successive notes like vine peach and white fruits notes. A perfect balance between freshness and delicacy with fruity flavors very present on the finish.This fresh and pure wine is perfect for an apéritif. Its citrus and white fruits notes and its remarkable balance supported by a subtle effervescence, make it an ideal accompaniment to poultry and the finest fish. </span></p>
</div>
</div>
<div class=""text-center"">
<img src=""https://cdn.shopify.com/s/files/1/0606/0805/3436/files/img_des3.jpg?v=1642785621"" alt="""" data-mce-fragment=""1"" data-mce-src=""https://cdn.shopify.com/s/files/1/0606/0805/3436/files/img_des3.jpg?v=1642785621""><br>
</div>",Wineryn,,,"$40.00 - $50.00, Brown, OrangeRed",true,Title,Default Title,,,,,"",0.0,,0,deny,manual,46.00,,true,true,"",https://cdn.shopify.com/s/files/1/0606/0805/3436/products/product52.jpg?v=1642869525,1,,false,,,,,,,,,,,,,,,,,kg,,,active
volka-vali,,,,,,,,,,,,,,,,,,,,,,,,,https://cdn.shopify.com/s/files/1/0606/0805/3436/products/product53.jpg?v=1642869525,2,,,,,,,,,,,,,,,,,,,,,,
volka-vali,,,,,,,,,,,,,,,,,,,,,,,,,https://cdn.shopify.com/s/files/1/0606/0805/3436/products/product54.jpg?v=1642869525,3,,,,,,,,,,,,,,,,,,,,,,
volka-vali,,,,,,,,,,,,,,,,,,,,,,,,,https://cdn.shopify.com/s/files/1/0606/0805/3436/products/product55.jpg?v=1642869525,4,,,,,,,,,,,,,,,,,,,,,,
volka-vali,,,,,,,,,,,,,,,,,,,,,,,,,https://cdn.shopify.com/s/files/1/0606/0805/3436/products/product18_aa3db5e0-2c01-46ba-88c7-69d93c9686d9.jpg?v=1642869525,5,,,,,,,,,,,,,,,,,,,,,,
cum-sociis-natoque,Cum Sociis Natoque,"<div class=""py-4"">
<div class=""row"">
<div class=""col-md-6"" style=""text-align: start;"" data-mce-style=""text-align: start;""><img alt="""" src=""https://cdn.shopify.com/s/files/1/0606/0805/3436/files/img_des1.jpg?v=1642785568""></div>
<div style=""text-align: start;"" class=""col-md-6 info2"" data-mce-style=""text-align: start;"">
<div>
<h3>
<meta charset=""utf-8""> <b>Wine Gift Set Includes:</b>
</h3>
<p><meta charset=""utf-8""><meta charset=""utf-8""><span data-mce-fragment=""1"">The perfect way to gift this fantastic Champagne is in our gorgeous, luxury gold gift box. Sure to WOW your recipient!</span><br></p>
<p><span data-mce-fragment=""1""><meta charset=""utf-8"">The wine comes from the purest grape juice and it alone allows Laurent-Perrier to craft 'La Cuvée', a champagne of great finesse and a beautiful freshness obtained after a long ageing process in our cellars.Pale gold in color. Fine bubbles feed a persistent mousse. A delicate nose with hints of fresh citrus and white flowers</span></p>
</div>
<img src=""https://cdn.shopify.com/s/files/1/0606/0805/3436/files/img_des2.jpg?v=1642785600"" alt="""" data-mce-fragment=""1"" data-mce-src=""https://cdn.shopify.com/s/files/1/0606/0805/3436/files/img_des2.jpg?v=1642785600""><br>
</div>
</div>
</div>
<div class=""py-4 des-info"">
<div class=""text-center"">
<h3>Product Details</h3>
<p><meta charset=""utf-8""><span><meta charset=""utf-8"">The wine’s complexity is expressed in successive notes like vine peach and white fruits notes. A perfect balance between freshness and delicacy with fruity flavors very present on the finish.This fresh and pure wine is perfect for an apéritif. Its citrus and white fruits notes and its remarkable balance supported by a subtle effervescence, make it an ideal accompaniment to poultry and the finest fish. </span></p>
</div>
</div>
<div class=""text-center"">
<img src=""https://cdn.shopify.com/s/files/1/0606/0805/3436/files/img_des3.jpg?v=1642785621"" alt="""" data-mce-fragment=""1"" data-mce-src=""https://cdn.shopify.com/s/files/1/0606/0805/3436/files/img_des3.jpg?v=1642785621""><br>
</div>",Wineryn,,,"$10.00 - $20.00, MediumVioletRed",true,Title,Default Title,,,,,"",0.0,,0,deny,manual,16.00,,true,true,"",https://cdn.shopify.com/s/files/1/0606/0805/3436/products/product50.jpg?v=1642868543,1,,false,,,,,,,,,,,,,,,,,kg,,,active
cum-sociis-natoque,,,,,,,,,,,,,,,,,,,,,,,,,https://cdn.shopify.com/s/files/1/0606/0805/3436/products/product51.jpg?v=1642868543,2,,,,,,,,,,,,,,,,,,,,,,
johannisberg,Johannisberg,"<div class=""py-4"">
<div class=""row"">
<div class=""col-md-6"" style=""text-align: start;"" data-mce-style=""text-align: start;""><img alt="""" src=""https://cdn.shopify.com/s/files/1/0606/0805/3436/files/img_des1.jpg?v=1642785568""></div>
<div style=""text-align: start;"" class=""col-md-6 info2"" data-mce-style=""text-align: start;"">
<div>
<h3>
<meta charset=""utf-8""> <b>Wine Gift Set Includes:</b>
</h3>
<p><meta charset=""utf-8""><meta charset=""utf-8""><span data-mce-fragment=""1"">The perfect way to gift this fantastic Champagne is in our gorgeous, luxury gold gift box. Sure to WOW your recipient!</span><br></p>
<p><span data-mce-fragment=""1""><meta charset=""utf-8"">The wine comes from the purest grape juice and it alone allows Laurent-Perrier to craft 'La Cuvée', a champagne of great finesse and a beautiful freshness obtained after a long ageing process in our cellars.Pale gold in color. Fine bubbles feed a persistent mousse. A delicate nose with hints of fresh citrus and white flowers</span></p>
</div>
<img src=""https://cdn.shopify.com/s/files/1/0606/0805/3436/files/img_des2.jpg?v=1642785600"" alt="""" data-mce-fragment=""1"" data-mce-src=""https://cdn.shopify.com/s/files/1/0606/0805/3436/files/img_des2.jpg?v=1642785600""><br>
</div>
</div>
</div>
<div class=""py-4 des-info"">
<div class=""text-center"">
<h3>Product Details</h3>
<p><meta charset=""utf-8""><span><meta charset=""utf-8"">The wine’s complexity is expressed in successive notes like vine peach and white fruits notes. A perfect balance between freshness and delicacy with fruity flavors very present on the finish.This fresh and pure wine is perfect for an apéritif. Its citrus and white fruits notes and its remarkable balance supported by a subtle effervescence, make it an ideal accompaniment to poultry and the finest fish. </span></p>
</div>
</div>
<div class=""text-center"">
<img src=""https://cdn.shopify.com/s/files/1/0606/0805/3436/files/img_des3.jpg?v=1642785621"" alt="""" data-mce-fragment=""1"" data-mce-src=""https://cdn.shopify.com/s/files/1/0606/0805/3436/files/img_des3.jpg?v=1642785621""><br>
</div>",Wineryn,,,"$30.00 - $40.00, Brown, Gold, OrangeRed",true,Title,Default Title,,,,,"",0.0,,0,deny,manual,37.00,,true,true,"",https://cdn.shopify.com/s/files/1/0606/0805/3436/products/product48.jpg?v=1642868203,1,,false,,,,,,,,,,,,,,,,,kg,,,active
johannisberg,,,,,,,,,,,,,,,,,,,,,,,,,https://cdn.shopify.com/s/files/1/0606/0805/3436/products/product47.jpg?v=1642868203,2,,,,,,,,,,,,,,,,,,,,,,
johannisberg,,,,,,,,,,,,,,,,,,,,,,,,,https://cdn.shopify.com/s/files/1/0606/0805/3436/products/product49.jpg?v=1642868203,3,,,,,,,,,,,,,,,,,,,,,,
johannisberg,,,,,,,,,,,,,,,,,,,,,,,,,https://cdn.shopify.com/s/files/1/0606/0805/3436/products/product12_005c0cf3-b430-49b7-abde-503da5ad2d9a.jpg?v=1642868203,4,,,,,,,,,,,,,,,,,,,,,,
kanonkope,Kanonkope,"<div class=""py-4"">
<div class=""row"">
<div class=""col-md-6"" style=""text-align: start;"" data-mce-style=""text-align: start;""><img alt="""" src=""https://cdn.shopify.com/s/files/1/0606/0805/3436/files/img_des1.jpg?v=1642785568""></div>
<div style=""text-align: start;"" class=""col-md-6 info2"" data-mce-style=""text-align: start;"">
<div>
<h3>
<meta charset=""utf-8""> <b>Wine Gift Set Includes:</b>
</h3>
<p><meta charset=""utf-8""><meta charset=""utf-8""><span data-mce-fragment=""1"">The perfect way to gift this fantastic Champagne is in our gorgeous, luxury gold gift box. Sure to WOW your recipient!</span><br></p>
<p><span data-mce-fragment=""1""><meta charset=""utf-8"">The wine comes from the purest grape juice and it alone allows Laurent-Perrier to craft 'La Cuvée', a champagne of great finesse and a beautiful freshness obtained after a long ageing process in our cellars.Pale gold in color. Fine bubbles feed a persistent mousse. A delicate nose with hints of fresh citrus and white flowers</span></p>
</div>
<img src=""https://cdn.shopify.com/s/files/1/0606/0805/3436/files/img_des2.jpg?v=1642785600"" alt="""" data-mce-fragment=""1"" data-mce-src=""https://cdn.shopify.com/s/files/1/0606/0805/3436/files/img_des2.jpg?v=1642785600""><br>
</div>
</div>
</div>
<div class=""py-4 des-info"">
<div class=""text-center"">
<h3>Product Details</h3>
<p><meta charset=""utf-8""><span><meta charset=""utf-8"">The wine’s complexity is expressed in successive notes like vine peach and white fruits notes. A perfect balance between freshness and delicacy with fruity flavors very present on the finish.This fresh and pure wine is perfect for an apéritif. Its citrus and white fruits notes and its remarkable balance supported by a subtle effervescence, make it an ideal accompaniment to poultry and the finest fish. </span></p>
</div>
</div>
<div class=""text-center"">
<img src=""https://cdn.shopify.com/s/files/1/0606/0805/3436/files/img_des3.jpg?v=1642785621"" alt="""" data-mce-fragment=""1"" data-mce-src=""https://cdn.shopify.com/s/files/1/0606/0805/3436/files/img_des3.jpg?v=1642785621""><br>
</div>",Wineryn,,,$10.00 - $20.00,true,Title,Default Title,,,,,"",0.0,,0,deny,manual,14.00,50.00,true,true,"",https://cdn.shopify.com/s/files/1/0606/0805/3436/products/product44.jpg?v=1642842613,1,,false,,,,,,,,,,,,,,,,,kg,,,active
kanonkope,,,,,,,,,,,,,,,,,,,,,,,,,https://cdn.shopify.com/s/files/1/0606/0805/3436/products/product46.jpg?v=1642842613,2,,,,,,,,,,,,,,,,,,,,,,
kanonkope,,,,,,,,,,,,,,,,,,,,,,,,,https://cdn.shopify.com/s/files/1/0606/0805/3436/products/product45.jpg?v=1642842613,3,,,,,,,,,,,,,,,,,,,,,,
green-cronot,Green Cronot,"<div class=""py-4"">
<div class=""row"">
<div class=""col-md-6"" style=""text-align: start;"" data-mce-style=""text-align: start;""><img alt="""" src=""https://cdn.shopify.com/s/files/1/0606/0805/3436/files/img_des1.jpg?v=1642785568""></div>
<div style=""text-align: start;"" class=""col-md-6 info2"" data-mce-style=""text-align: start;"">
<div>
<h3>
<meta charset=""utf-8""> <b>Wine Gift Set Includes:</b>
</h3>
<p><meta charset=""utf-8""><meta charset=""utf-8""><span data-mce-fragment=""1"">The perfect way to gift this fantastic Champagne is in our gorgeous, luxury gold gift box. Sure to WOW your recipient!</span><br></p>
<p><span data-mce-fragment=""1""><meta charset=""utf-8"">The wine comes from the purest grape juice and it alone allows Laurent-Perrier to craft 'La Cuvée', a champagne of great finesse and a beautiful freshness obtained after a long ageing process in our cellars.Pale gold in color. Fine bubbles feed a persistent mousse. A delicate nose with hints of fresh citrus and white flowers</span></p>
</div>
<img src=""https://cdn.shopify.com/s/files/1/0606/0805/3436/files/img_des2.jpg?v=1642785600"" alt="""" data-mce-fragment=""1"" data-mce-src=""https://cdn.shopify.com/s/files/1/0606/0805/3436/files/img_des2.jpg?v=1642785600""><br>
</div>
</div>
</div>
<div class=""py-4 des-info"">
<div class=""text-center"">
<h3>Product Details</h3>
<p><meta charset=""utf-8""><span><meta charset=""utf-8"">The wine’s complexity is expressed in successive notes like vine peach and white fruits notes. A perfect balance between freshness and delicacy with fruity flavors very present on the finish.This fresh and pure wine is perfect for an apéritif. Its citrus and white fruits notes and its remarkable balance supported by a subtle effervescence, make it an ideal accompaniment to poultry and the finest fish. </span></p>
</div>
</div>
<div class=""text-center"">
<img src=""https://cdn.shopify.com/s/files/1/0606/0805/3436/files/img_des3.jpg?v=1642785621"" alt="""" data-mce-fragment=""1"" data-mce-src=""https://cdn.shopify.com/s/files/1/0606/0805/3436/files/img_des3.jpg?v=1642785621""><br>
</div>",Wineryn,,,"0 - $10.00, FireBrick, Pink",true,Title,Default Title,,,,,"",0.0,,0,deny,manual,8.00,,true,true,"",https://cdn.shopify.com/s/files/1/0606/0805/3436/products/product40.jpg?v=1642841853,1,,false,,,,,,,,,,,,,,,,,kg,,,active
green-cronot,,,,,,,,,,,,,,,,,,,,,,,,,https://cdn.shopify.com/s/files/1/0606/0805/3436/products/product41.jpg?v=1642841853,2,,,,,,,,,,,,,,,,,,,,,,
green-cronot,,,,,,,,,,,,,,,,,,,,,,,,,https://cdn.shopify.com/s/files/1/0606/0805/3436/products/product42.jpg?v=1642841853,3,,,,,,,,,,,,,,,,,,,,,,
green-cronot,,,,,,,,,,,,,,,,,,,,,,,,,https://cdn.shopify.com/s/files/1/0606/0805/3436/products/product43.jpg?v=1642841853,4,,,,,,,,,,,,,,,,,,,,,,
blanc-de-blancs,Blanc de Blancs,"<div class=""py-4"">
<div class=""row"">
<div class=""col-md-6"" style=""text-align: start;"" data-mce-style=""text-align: start;""><img alt="""" src=""https://cdn.shopify.com/s/files/1/0606/0805/3436/files/img_des1.jpg?v=1642785568""></div>
<div style=""text-align: start;"" class=""col-md-6 info2"" data-mce-style=""text-align: start;"">
<div>
<h3>
<meta charset=""utf-8""> <b>Wine Gift Set Includes:</b>
</h3>
<p><meta charset=""utf-8""><meta charset=""utf-8""><span data-mce-fragment=""1"">The perfect way to gift this fantastic Champagne is in our gorgeous, luxury gold gift box. Sure to WOW your recipient!</span><br></p>
<p><span data-mce-fragment=""1""><meta charset=""utf-8"">The wine comes from the purest grape juice and it alone allows Laurent-Perrier to craft 'La Cuvée', a champagne of great finesse and a beautiful freshness obtained after a long ageing process in our cellars.Pale gold in color. Fine bubbles feed a persistent mousse. A delicate nose with hints of fresh citrus and white flowers</span></p>
</div>
<img src=""https://cdn.shopify.com/s/files/1/0606/0805/3436/files/img_des2.jpg?v=1642785600"" alt="""" data-mce-fragment=""1"" data-mce-src=""https://cdn.shopify.com/s/files/1/0606/0805/3436/files/img_des2.jpg?v=1642785600""><br>
</div>
</div>
</div>
<div class=""py-4 des-info"">
<div class=""text-center"">
<h3>Product Details</h3>
<p><meta charset=""utf-8""><span><meta charset=""utf-8"">The wine’s complexity is expressed in successive notes like vine peach and white fruits notes. A perfect balance between freshness and delicacy with fruity flavors very present on the finish.This fresh and pure wine is perfect for an apéritif. Its citrus and white fruits notes and its remarkable balance supported by a subtle effervescence, make it an ideal accompaniment to poultry and the finest fish. </span></p>
</div>
</div>
<div class=""text-center"">
<img src=""https://cdn.shopify.com/s/files/1/0606/0805/3436/files/img_des3.jpg?v=1642785621"" alt="""" data-mce-fragment=""1"" data-mce-src=""https://cdn.shopify.com/s/files/1/0606/0805/3436/files/img_des3.jpg?v=1642785621""><br>
</div>",Wineryn,,,"",true,Title,Default Title,,,,,"",0.0,,0,deny,manual,27.00,,true,true,"",https://cdn.shopify.com/s/files/1/0606/0805/3436/products/product38.jpg?v=1642840645,1,,false,,,,,,,,,,,,,,,,,kg,,,active
blanc-de-blancs,,,,,,,,,,,,,,,,,,,,,,,,,https://cdn.shopify.com/s/files/1/0606/0805/3436/products/product39.jpg?v=1642840645,2,,,,,,,,,,,,,,,,,,,,,,
suspendisse-urna,Suspendisse Urna,"<div class=""py-4"">
<div class=""row"">
<div class=""col-md-6"" style=""text-align: start;"" data-mce-style=""text-align: start;""><img alt="""" src=""https://cdn.shopify.com/s/files/1/0606/0805/3436/files/img_des1.jpg?v=1642785568""></div>
<div style=""text-align: start;"" class=""col-md-6 info2"" data-mce-style=""text-align: start;"">
<div>
<h3>
<meta charset=""utf-8""> <b>Wine Gift Set Includes:</b>
</h3>
<p><meta charset=""utf-8""><meta charset=""utf-8""><span data-mce-fragment=""1"">The perfect way to gift this fantastic Champagne is in our gorgeous, luxury gold gift box. Sure to WOW your recipient!</span><br></p>
<p><span data-mce-fragment=""1""><meta charset=""utf-8"">The wine comes from the purest grape juice and it alone allows Laurent-Perrier to craft 'La Cuvée', a champagne of great finesse and a beautiful freshness obtained after a long ageing process in our cellars.Pale gold in color. Fine bubbles feed a persistent mousse. A delicate nose with hints of fresh citrus and white flowers</span></p>
</div>
<img src=""https://cdn.shopify.com/s/files/1/0606/0805/3436/files/img_des2.jpg?v=1642785600"" alt="""" data-mce-fragment=""1"" data-mce-src=""https://cdn.shopify.com/s/files/1/0606/0805/3436/files/img_des2.jpg?v=1642785600""><br>
</div>
</div>
</div>
<div class=""py-4 des-info"">
<div class=""text-center"">
<h3>Product Details</h3>
<p><meta charset=""utf-8""><span><meta charset=""utf-8"">The wine’s complexity is expressed in successive notes like vine peach and white fruits notes. A perfect balance between freshness and delicacy with fruity flavors very present on the finish.This fresh and pure wine is perfect for an apéritif. Its citrus and white fruits notes and its remarkable balance supported by a subtle effervescence, make it an ideal accompaniment to poultry and the finest fish. </span></p>
</div>
</div>
<div class=""text-center"">
<img src=""https://cdn.shopify.com/s/files/1/0606/0805/3436/files/img_des3.jpg?v=1642785621"" alt="""" data-mce-fragment=""1"" data-mce-src=""https://cdn.shopify.com/s/files/1/0606/0805/3436/files/img_des3.jpg?v=1642785621""><br>
</div>",Wineryn,,,"$30.00 - $40.00, DarkOrange",true,Title,Default Title,,,,,"",0.0,,0,deny,manual,37.00,,true,true,"",https://cdn.shopify.com/s/files/1/0606/0805/3436/products/product36.jpg?v=1642838392,1,,false,,,,,,,,,,,,,,,,,kg,,,active
suspendisse-urna,,,,,,,,,,,,,,,,,,,,,,,,,https://cdn.shopify.com/s/files/1/0606/0805/3436/products/product37.jpg?v=1642838392,2,,,,,,,,,,,,,,,,,,,,,,
reprehenderit-east,Reprehenderit East,"<div class=""py-4"">
<div class=""row"">
<div class=""col-md-6"" style=""text-align: start;"" data-mce-style=""text-align: start;""><img alt="""" src=""https://cdn.shopify.com/s/files/1/0606/0805/3436/files/img_des1.jpg?v=1642785568""></div>
<div style=""text-align: start;"" class=""col-md-6 info2"" data-mce-style=""text-align: start;"">
<div>
<h3>
<meta charset=""utf-8""> <b>Wine Gift Set Includes:</b>
</h3>
<p><meta charset=""utf-8""><meta charset=""utf-8""><span data-mce-fragment=""1"">The perfect way to gift this fantastic Champagne is in our gorgeous, luxury gold gift box. Sure to WOW your recipient!</span><br></p>
<p><span data-mce-fragment=""1""><meta charset=""utf-8"">The wine comes from the purest grape juice and it alone allows Laurent-Perrier to craft 'La Cuvée', a champagne of great finesse and a beautiful freshness obtained after a long ageing process in our cellars.Pale gold in color. Fine bubbles feed a persistent mousse. A delicate nose with hints of fresh citrus and white flowers</span></p>
</div>
<img src=""https://cdn.shopify.com/s/files/1/0606/0805/3436/files/img_des2.jpg?v=1642785600"" alt="""" data-mce-fragment=""1"" data-mce-src=""https://cdn.shopify.com/s/files/1/0606/0805/3436/files/img_des2.jpg?v=1642785600""><br>
</div>
</div>
</div>
<div class=""py-4 des-info"">
<div class=""text-center"">
<h3>Product Details</h3>
<p><meta charset=""utf-8""><span><meta charset=""utf-8"">The wine’s complexity is expressed in successive notes like vine peach and white fruits notes. A perfect balance between freshness and delicacy with fruity flavors very present on the finish.This fresh and pure wine is perfect for an apéritif. Its citrus and white fruits notes and its remarkable balance supported by a subtle effervescence, make it an ideal accompaniment to poultry and the finest fish. </span></p>
</div>
</div>
<div class=""text-center"">
<img src=""https://cdn.shopify.com/s/files/1/0606/0805/3436/files/img_des3.jpg?v=1642785621"" alt="""" data-mce-fragment=""1"" data-mce-src=""https://cdn.shopify.com/s/files/1/0606/0805/3436/files/img_des3.jpg?v=1642785621""><br>
</div>",Wineryn,,,"$40.00 - $50.00, Black, Green, Olive, Peru",true,Title,Default Title,,,,,"",0.0,,0,deny,manual,43.00,90.00,true,true,"",https://cdn.shopify.com/s/files/1/0606/0805/3436/products/product31.jpg?v=1642836928,1,,false,,,,,,,,,,,,,,,,,kg,,,active
reprehenderit-east,,,,,,,,,,,,,,,,,,,,,,,,,https://cdn.shopify.com/s/files/1/0606/0805/3436/products/product32.jpg?v=1642836928,2,,,,,,,,,,,,,,,,,,,,,,
reprehenderit-east,,,,,,,,,,,,,,,,,,,,,,,,,https://cdn.shopify.com/s/files/1/0606/0805/3436/products/product33.jpg?v=1642836928,3,,,,,,,,,,,,,,,,,,,,,,
reprehenderit-east,,,,,,,,,,,,,,,,,,,,,,,,,https://cdn.shopify.com/s/files/1/0606/0805/3436/products/product34.jpg?v=1642836928,4,,,,,,,,,,,,,,,,,,,,,,
reprehenderit-east,,,,,,,,,,,,,,,,,,,,,,,,,https://cdn.shopify.com/s/files/1/0606/0805/3436/products/product35.jpg?v=1642836928,5,,,,,,,,,,,,,,,,,,,,,,
pinot-grigio,Pinot Grigio,"<div class=""py-4"">
<div class=""row"">
<div class=""col-md-6"" style=""text-align: start;"" data-mce-style=""text-align: start;""><img alt="""" src=""https://cdn.shopify.com/s/files/1/0606/0805/3436/files/img_des1.jpg?v=1642785568""></div>
<div style=""text-align: start;"" class=""col-md-6 info2"" data-mce-style=""text-align: start;"">
<div>
<h3>
<meta charset=""utf-8""> <b>Wine Gift Set Includes:</b>
</h3>
<p><meta charset=""utf-8""><meta charset=""utf-8""><span data-mce-fragment=""1"">The perfect way to gift this fantastic Champagne is in our gorgeous, luxury gold gift box. Sure to WOW your recipient!</span><br></p>
<p><span data-mce-fragment=""1""><meta charset=""utf-8"">The wine comes from the purest grape juice and it alone allows Laurent-Perrier to craft 'La Cuvée', a champagne of great finesse and a beautiful freshness obtained after a long ageing process in our cellars.Pale gold in color. Fine bubbles feed a persistent mousse. A delicate nose with hints of fresh citrus and white flowers</span></p>
</div>
<img src=""https://cdn.shopify.com/s/files/1/0606/0805/3436/files/img_des2.jpg?v=1642785600"" alt="""" data-mce-fragment=""1"" data-mce-src=""https://cdn.shopify.com/s/files/1/0606/0805/3436/files/img_des2.jpg?v=1642785600""><br>
</div>
</div>
</div>
<div class=""py-4 des-info"">
<div class=""text-center"">
<h3>Product Details</h3>
<p><meta charset=""utf-8""><span><meta charset=""utf-8"">The wine’s complexity is expressed in successive notes like vine peach and white fruits notes. A perfect balance between freshness and delicacy with fruity flavors very present on the finish.This fresh and pure wine is perfect for an apéritif. Its citrus and white fruits notes and its remarkable balance supported by a subtle effervescence, make it an ideal accompaniment to poultry and the finest fish. </span></p>
</div>
</div>
<div class=""text-center"">
<img src=""https://cdn.shopify.com/s/files/1/0606/0805/3436/files/img_des3.jpg?v=1642785621"" alt="""" data-mce-fragment=""1"" data-mce-src=""https://cdn.shopify.com/s/files/1/0606/0805/3436/files/img_des3.jpg?v=1642785621""><br>
</div>",Wineryn,,,"$50.00+, Brown, Crimson, DarkOrange",true,Title,Default Title,,,,,"",0.0,,0,deny,manual,51.00,,true,true,"",https://cdn.shopify.com/s/files/1/0606/0805/3436/products/product28.jpg?v=1642835513,1,,false,,,,,,,,,,,,,,,,,kg,,,active
pinot-grigio,,,,,,,,,,,,,,,,,,,,,,,,,https://cdn.shopify.com/s/files/1/0606/0805/3436/products/product29.jpg?v=1642835513,2,,,,,,,,,,,,,,,,,,,,,,
pinot-grigio,,,,,,,,,,,,,,,,,,,,,,,,,https://cdn.shopify.com/s/files/1/0606/0805/3436/products/product13_4797eaf8-c709-4a62-9d8a-5c9def727373.jpg?v=1642835513,3,,,,,,,,,,,,,,,,,,,,,,
pinot-grigio,,,,,,,,,,,,,,,,,,,,,,,,,https://cdn.shopify.com/s/files/1/0606/0805/3436/products/product12_1576370e-d010-4dda-8e28-acbc5b9d4009.jpg?v=1642835513,4,,,,,,,,,,,,,,,,,,,,,,
pinot-grigio,,,,,,,,,,,,,,,,,,,,,,,,,https://cdn.shopify.com/s/files/1/0606/0805/3436/products/product30.jpg?v=1642835513,5,,,,,,,,,,,,,,,,,,,,,,
burgundy-wine,Burgundy Wine,"<div class=""py-4"">
<div class=""row"">
<div class=""col-md-6"" style=""text-align: start;"" data-mce-style=""text-align: start;""><img alt="""" src=""https://cdn.shopify.com/s/files/1/0606/0805/3436/files/img_des1.jpg?v=1642785568""></div>
<div style=""text-align: start;"" class=""col-md-6 info2"" data-mce-style=""text-align: start;"">
<div>
<h3>
<meta charset=""utf-8""> <b>Wine Gift Set Includes:</b>
</h3>
<p><meta charset=""utf-8""><meta charset=""utf-8""><span data-mce-fragment=""1"">The perfect way to gift this fantastic Champagne is in our gorgeous, luxury gold gift box. Sure to WOW your recipient!</span><br></p>
<p><span data-mce-fragment=""1""><meta charset=""utf-8"">The wine comes from the purest grape juice and it alone allows Laurent-Perrier to craft 'La Cuvée', a champagne of great finesse and a beautiful freshness obtained after a long ageing process in our cellars.Pale gold in color. Fine bubbles feed a persistent mousse. A delicate nose with hints of fresh citrus and white flowers</span></p>
</div>
<img src=""https://cdn.shopify.com/s/files/1/0606/0805/3436/files/img_des2.jpg?v=1642785600"" alt="""" data-mce-fragment=""1"" data-mce-src=""https://cdn.shopify.com/s/files/1/0606/0805/3436/files/img_des2.jpg?v=1642785600""><br>
</div>
</div>
</div>
<div class=""py-4 des-info"">
<div class=""text-center"">
<h3>Product Details</h3>
<p><meta charset=""utf-8""><span><meta charset=""utf-8"">The wine’s complexity is expressed in successive notes like vine peach and white fruits notes. A perfect balance between freshness and delicacy with fruity flavors very present on the finish.This fresh and pure wine is perfect for an apéritif. Its citrus and white fruits notes and its remarkable balance supported by a subtle effervescence, make it an ideal accompaniment to poultry and the finest fish. </span></p>
</div>
</div>
<div class=""text-center"">
<img src=""https://cdn.shopify.com/s/files/1/0606/0805/3436/files/img_des3.jpg?v=1642785621"" alt="""" data-mce-fragment=""1"" data-mce-src=""https://cdn.shopify.com/s/files/1/0606/0805/3436/files/img_des3.jpg?v=1642785621""><br>
</div>",Wineryn,,,"$20.00 - $30.00, Black",true,Title,Default Title,,,,,"",0.0,,0,deny,manual,26.00,,true,true,"",https://cdn.shopify.com/s/files/1/0606/0805/3436/products/product26.jpg?v=1642829295,1,,false,,,,,,,,,,,,,,,,,kg,,,active
burgundy-wine,,,,,,,,,,,,,,,,,,,,,,,,,https://cdn.shopify.com/s/files/1/0606/0805/3436/products/product27.jpg?v=1642829295,2,,,,,,,,,,,,,,,,,,,,,,
jewels-of-nizam,Jewels Of Nizam,"<div class=""py-4"">
<div class=""row"">
<div class=""col-md-6"" style=""text-align: start;"" data-mce-style=""text-align: start;""><img alt="""" src=""https://cdn.shopify.com/s/files/1/0606/0805/3436/files/img_des1.jpg?v=1642785568""></div>
<div style=""text-align: start;"" class=""col-md-6 info2"" data-mce-style=""text-align: start;"">
<div>
<h3>
<meta charset=""utf-8""> <b>Wine Gift Set Includes:</b>
</h3>
<p><meta charset=""utf-8""><meta charset=""utf-8""><span data-mce-fragment=""1"">The perfect way to gift this fantastic Champagne is in our gorgeous, luxury gold gift box. Sure to WOW your recipient!</span><br></p>
<p><span data-mce-fragment=""1""><meta charset=""utf-8"">The wine comes from the purest grape juice and it alone allows Laurent-Perrier to craft 'La Cuvée', a champagne of great finesse and a beautiful freshness obtained after a long ageing process in our cellars.Pale gold in color. Fine bubbles feed a persistent mousse. A delicate nose with hints of fresh citrus and white flowers</span></p>
</div>
<img src=""https://cdn.shopify.com/s/files/1/0606/0805/3436/files/img_des2.jpg?v=1642785600"" alt="""" data-mce-fragment=""1"" data-mce-src=""https://cdn.shopify.com/s/files/1/0606/0805/3436/files/img_des2.jpg?v=1642785600""><br>
</div>
</div>
</div>
<div class=""py-4 des-info"">
<div class=""text-center"">
<h3>Product Details</h3>
<p><meta charset=""utf-8""><span><meta charset=""utf-8"">The wine’s complexity is expressed in successive notes like vine peach and white fruits notes. A perfect balance between freshness and delicacy with fruity flavors very present on the finish.This fresh and pure wine is perfect for an apéritif. Its citrus and white fruits notes and its remarkable balance supported by a subtle effervescence, make it an ideal accompaniment to poultry and the finest fish. </span></p>
</div>
</div>
<div class=""text-center"">
<img src=""https://cdn.shopify.com/s/files/1/0606/0805/3436/files/img_des3.jpg?v=1642785621"" alt="""" data-mce-fragment=""1"" data-mce-src=""https://cdn.shopify.com/s/files/1/0606/0805/3436/files/img_des3.jpg?v=1642785621""><br>
</div>",Wineryn,,,0 - $10.00,true,Title,Default Title,,,,,"",0.0,,0,deny,manual,9.00,,true,true,"",https://cdn.shopify.com/s/files/1/0606/0805/3436/products/product23.jpg?v=1642829111,1,,false,,,,,,,,,,,,,,,,,kg,,,active
jewels-of-nizam,,,,,,,,,,,,,,,,,,,,,,,,,https://cdn.shopify.com/s/files/1/0606/0805/3436/products/product24.jpg?v=1642829111,2,,,,,,,,,,,,,,,,,,,,,,
jewels-of-nizam,,,,,,,,,,,,,,,,,,,,,,,,,https://cdn.shopify.com/s/files/1/0606/0805/3436/products/product25.jpg?v=1642829112,3,,,,,,,,,,,,,,,,,,,,,,
jewels-of-nizam,,,,,,,,,,,,,,,,,,,,,,,,,https://cdn.shopify.com/s/files/1/0606/0805/3436/products/product4_7b34e2bb-5f07-4d9c-84db-73d9ebdf50b4.jpg?v=1642829112,4,,,,,,,,,,,,,,,,,,,,,,
jewels-of-nizam,,,,,,,,,,,,,,,,,,,,,,,,,https://cdn.shopify.com/s/files/1/0606/0805/3436/products/product5_e50cdbeb-c22a-4664-a9e3-c67585a352cf.jpg?v=1642829112,5,,,,,,,,,,,,,,,,,,,,,,
nemo-enim-ipsam,Nemo enim ipsam,"<div class=""py-4"">
<div class=""row"">
<div class=""col-md-6"" style=""text-align: start;"" data-mce-style=""text-align: start;""><img alt="""" src=""https://cdn.shopify.com/s/files/1/0606/0805/3436/files/img_des1.jpg?v=1642785568""></div>
<div style=""text-align: start;"" class=""col-md-6 info2"" data-mce-style=""text-align: start;"">
<div>
<h3>
<meta charset=""utf-8""> <b>Wine Gift Set Includes:</b>
</h3>
<p><meta charset=""utf-8""><meta charset=""utf-8""><span data-mce-fragment=""1"">The perfect way to gift this fantastic Champagne is in our gorgeous, luxury gold gift box. Sure to WOW your recipient!</span><br></p>
<p><span data-mce-fragment=""1""><meta charset=""utf-8"">The wine comes from the purest grape juice and it alone allows Laurent-Perrier to craft 'La Cuvée', a champagne of great finesse and a beautiful freshness obtained after a long ageing process in our cellars.Pale gold in color. Fine bubbles feed a persistent mousse. A delicate nose with hints of fresh citrus and white flowers</span></p>
</div>
<img src=""https://cdn.shopify.com/s/files/1/0606/0805/3436/files/img_des2.jpg?v=1642785600"" alt="""" data-mce-fragment=""1"" data-mce-src=""https://cdn.shopify.com/s/files/1/0606/0805/3436/files/img_des2.jpg?v=1642785600""><br>
</div>
</div>
</div>
<div class=""py-4 des-info"">
<div class=""text-center"">
<h3>Product Details</h3>
<p><meta charset=""utf-8""><span><meta charset=""utf-8"">The wine’s complexity is expressed in successive notes like vine peach and white fruits notes. A perfect balance between freshness and delicacy with fruity flavors very present on the finish.This fresh and pure wine is perfect for an apéritif. Its citrus and white fruits notes and its remarkable balance supported by a subtle effervescence, make it an ideal accompaniment to poultry and the finest fish. </span></p>
</div>
</div>
<div class=""text-center"">
<img src=""https://cdn.shopify.com/s/files/1/0606/0805/3436/files/img_des3.jpg?v=1642785621"" alt="""" data-mce-fragment=""1"" data-mce-src=""https://cdn.shopify.com/s/files/1/0606/0805/3436/files/img_des3.jpg?v=1642785621""><br>
</div>",Wineryn,,,"$30.00 - $40.00, Crimson, DarkOrange, L, S",true,Title,Default Title,,,,,"",0.0,,0,deny,manual,39.00,80.00,true,true,"",https://cdn.shopify.com/s/files/1/0606/0805/3436/products/product17.jpg?v=1642825835,1,,false,,,,,,,,,,,,,,,,,kg,,,active
nemo-enim-ipsam,,,,,,,,,,,,,,,,,,,,,,,,,https://cdn.shopify.com/s/files/1/0606/0805/3436/products/product18.jpg?v=1642825835,2,,,,,,,,,,,,,,,,,,,,,,
nemo-enim-ipsam,,,,,,,,,,,,,,,,,,,,,,,,,https://cdn.shopify.com/s/files/1/0606/0805/3436/products/product19.jpg?v=1642825836,3,,,,,,,,,,,,,,,,,,,,,,
nemo-enim-ipsam,,,,,,,,,,,,,,,,,,,,,,,,,https://cdn.shopify.com/s/files/1/0606/0805/3436/products/product20.jpg?v=1642825836,4,,,,,,,,,,,,,,,,,,,,,,
nemo-enim-ipsam,,,,,,,,,,,,,,,,,,,,,,,,,https://cdn.shopify.com/s/files/1/0606/0805/3436/products/product21.jpg?v=1642825836,5,,,,,,,,,,,,,,,,,,,,,,
nemo-enim-ipsam,,,,,,,,,,,,,,,,,,,,,,,,,https://cdn.shopify.com/s/files/1/0606/0805/3436/products/product22.jpg?v=1642825836,6,,,,,,,,,,,,,,,,,,,,,,
cristal-brut-champagne-1,Cristal Brut Champagne,"<div class=""py-4"">
<div class=""row"">
<div class=""col-md-6"" style=""text-align: start;"" data-mce-style=""text-align: start;""><img alt="""" src=""https://cdn.shopify.com/s/files/1/0606/0805/3436/files/img_des1.jpg?v=1642785568""></div>
<div style=""text-align: start;"" class=""col-md-6 info2"" data-mce-style=""text-align: start;"">
<div>
<h3>
<meta charset=""utf-8""> <b>Wine Gift Set Includes:</b>
</h3>
<p><meta charset=""utf-8""><meta charset=""utf-8""><span data-mce-fragment=""1"">The perfect way to gift this fantastic Champagne is in our gorgeous, luxury gold gift box. Sure to WOW your recipient!</span><br></p>
<p><span data-mce-fragment=""1""><meta charset=""utf-8"">The wine comes from the purest grape juice and it alone allows Laurent-Perrier to craft 'La Cuvée', a champagne of great finesse and a beautiful freshness obtained after a long ageing process in our cellars.Pale gold in color. Fine bubbles feed a persistent mousse. A delicate nose with hints of fresh citrus and white flowers</span></p>
</div>
<img src=""https://cdn.shopify.com/s/files/1/0606/0805/3436/files/img_des2.jpg?v=1642785600"" alt="""" data-mce-fragment=""1"" data-mce-src=""https://cdn.shopify.com/s/files/1/0606/0805/3436/files/img_des2.jpg?v=1642785600""><br>
</div>
</div>
</div>
<div class=""py-4 des-info"">
<div class=""text-center"">
<h3>Product Details</h3>
<p><meta charset=""utf-8""><span><meta charset=""utf-8"">The wine’s complexity is expressed in successive notes like vine peach and white fruits notes. A perfect balance between freshness and delicacy with fruity flavors very present on the finish.This fresh and pure wine is perfect for an apéritif. Its citrus and white fruits notes and its remarkable balance supported by a subtle effervescence, make it an ideal accompaniment to poultry and the finest fish. </span></p>
</div>
</div>
<div class=""text-center"">
<img src=""https://cdn.shopify.com/s/files/1/0606/0805/3436/files/img_des3.jpg?v=1642785621"" alt="""" data-mce-fragment=""1"" data-mce-src=""https://cdn.shopify.com/s/files/1/0606/0805/3436/files/img_des3.jpg?v=1642785621""><br>
</div>",Wineryn,,,"$10.00 - $20.00, Crimson, DarkOrange, L, M, OrangeRed, S",true,Size,S,Color,DarkOrange,,,"",0.0,,0,deny,manual,18.00,,true,true,"",https://cdn.shopify.com/s/files/1/0606/0805/3436/products/product12.jpg?v=1642824332,1,,false,,,,,,,,,,,,,,,,https://cdn.shopify.com/s/files/1/0606/0805/3436/products/product14.jpg?v=1642824332,kg,,,active
cristal-brut-champagne-1,,,,,,,,,S,,OrangeRed,,,"",0.0,,0,deny,manual,18.00,,true,true,"",https://cdn.shopify.com/s/files/1/0606/0805/3436/products/product13.jpg?v=1642824332,2,,,,,,,,,,,,,,,,,,https://cdn.shopify.com/s/files/1/0606/0805/3436/products/product12.jpg?v=1642824332,kg,,,
cristal-brut-champagne-1,,,,,,,,,S,,Crimson,,,"",0.0,,0,deny,manual,18.00,,true,true,"",https://cdn.shopify.com/s/files/1/0606/0805/3436/products/product14.jpg?v=1642824332,3,,,,,,,,,,,,,,,,,,https://cdn.shopify.com/s/files/1/0606/0805/3436/products/product15.jpg?v=1642824332,kg,,,
cristal-brut-champagne-1,,,,,,,,,M,,DarkOrange,,,"",0.0,,0,deny,manual,18.00,,true,true,"",https://cdn.shopify.com/s/files/1/0606/0805/3436/products/product15.jpg?v=1642824332,4,,,,,,,,,,,,,,,,,,https://cdn.shopify.com/s/files/1/0606/0805/3436/products/product14.jpg?v=1642824332,kg,,,
cristal-brut-champagne-1,,,,,,,,,M,,OrangeRed,,,"",0.0,,0,deny,manual,18.00,,true,true,"",https://cdn.shopify.com/s/files/1/0606/0805/3436/products/product16.jpg?v=1642824332,5,,,,,,,,,,,,,,,,,,https://cdn.shopify.com/s/files/1/0606/0805/3436/products/product12.jpg?v=1642824332,kg,,,
cristal-brut-champagne-1,,,,,,,,,M,,Crimson,,,"",0.0,,0,deny,manual,18.00,,true,true,"",,,,,,,,,,,,,,,,,,,,https://cdn.shopify.com/s/files/1/0606/0805/3436/products/product13.jpg?v=1642824332,kg,,,
cristal-brut-champagne-1,,,,,,,,,L,,DarkOrange,,,"",0.0,,0,deny,manual,18.00,,true,true,"",,,,,,,,,,,,,,,,,,,,https://cdn.shopify.com/s/files/1/0606/0805/3436/products/product14.jpg?v=1642824332,kg,,,
cristal-brut-champagne-1,,,,,,,,,L,,OrangeRed,,,"",0.0,,0,deny,manual,18.00,,true,true,"",,,,,,,,,,,,,,,,,,,,https://cdn.shopify.com/s/files/1/0606/0805/3436/products/product12.jpg?v=1642824332,kg,,,
cristal-brut-champagne-1,,,,,,,,,L,,Crimson,,,"",0.0,,0,deny,manual,18.00,,true,true,"",,,,,,,,,,,,,,,,,,,,https://cdn.shopify.com/s/files/1/0606/0805/3436/products/product16.jpg?v=1642824332,kg,,,
maldila-sepanco,Maldila Sepanco,"<div class=""py-4"">
<div class=""row"">
<div class=""col-md-6"" style=""text-align: start;"" data-mce-style=""text-align: start;""><img alt="""" src=""https://cdn.shopify.com/s/files/1/0606/0805/3436/files/img_des1.jpg?v=1642785568""></div>
<div style=""text-align: start;"" class=""col-md-6 info2"" data-mce-style=""text-align: start;"">
<div>
<h3>
<meta charset=""utf-8""> <b>Wine Gift Set Includes:</b>
</h3>
<p><meta charset=""utf-8""><meta charset=""utf-8""><span data-mce-fragment=""1"">The perfect way to gift this fantastic Champagne is in our gorgeous, luxury gold gift box. Sure to WOW your recipient!</span><br></p>
<p><span data-mce-fragment=""1""><meta charset=""utf-8"">The wine comes from the purest grape juice and it alone allows Laurent-Perrier to craft 'La Cuvée', a champagne of great finesse and a beautiful freshness obtained after a long ageing process in our cellars.Pale gold in color. Fine bubbles feed a persistent mousse. A delicate nose with hints of fresh citrus and white flowers</span></p>
</div>
<img src=""https://cdn.shopify.com/s/files/1/0606/0805/3436/files/img_des2.jpg?v=1642785600"" alt="""" data-mce-fragment=""1"" data-mce-src=""https://cdn.shopify.com/s/files/1/0606/0805/3436/files/img_des2.jpg?v=1642785600""><br>
</div>
</div>
</div>
<div class=""py-4 des-info"">
<div class=""text-center"">
<h3>Product Details</h3>
<p><meta charset=""utf-8""><span><meta charset=""utf-8"">The wine’s complexity is expressed in successive notes like vine peach and white fruits notes. A perfect balance between freshness and delicacy with fruity flavors very present on the finish.This fresh and pure wine is perfect for an apéritif. Its citrus and white fruits notes and its remarkable balance supported by a subtle effervescence, make it an ideal accompaniment to poultry and the finest fish. </span></p>
</div>
</div>
<div class=""text-center"">
<img src=""https://cdn.shopify.com/s/files/1/0606/0805/3436/files/img_des3.jpg?v=1642785621"" alt="""" data-mce-fragment=""1"" data-mce-src=""https://cdn.shopify.com/s/files/1/0606/0805/3436/files/img_des3.jpg?v=1642785621""><br>
</div>",Wineryn,,,"$20.00 - $30.00, Black, DarkOrange, Gold, L, M, OrangeRed, S",true,Size,S,Color,OrangeRed,,,"",0.0,,0,deny,manual,25.00,,true,true,"",https://cdn.shopify.com/s/files/1/0606/0805/3436/products/product6.jpg?v=1642823936,1,,false,,,,,,,,,,,,,,,,https://cdn.shopify.com/s/files/1/0606/0805/3436/products/product6.jpg?v=1642823936,kg,,,active
maldila-sepanco,,,,,,,,,S,,DarkOrange,,,"",0.0,,0,deny,manual,25.00,,true,true,"",https://cdn.shopify.com/s/files/1/0606/0805/3436/products/product7.jpg?v=1642823936,2,,,,,,,,,,,,,,,,,,https://cdn.shopify.com/s/files/1/0606/0805/3436/products/product9.jpg?v=1642823936,kg,,,
maldila-sepanco,,,,,,,,,S,,Black,,,"",0.0,,0,deny,manual,25.00,,true,true,"",https://cdn.shopify.com/s/files/1/0606/0805/3436/products/product8.jpg?v=1642823936,3,,,,,,,,,,,,,,,,,,https://cdn.shopify.com/s/files/1/0606/0805/3436/products/product8.jpg?v=1642823936,kg,,,
maldila-sepanco,,,,,,,,,S,,Gold,,,"",0.0,,0,deny,manual,25.00,,true,true,"",https://cdn.shopify.com/s/files/1/0606/0805/3436/products/product9.jpg?v=1642823936,4,,,,,,,,,,,,,,,,,,https://cdn.shopify.com/s/files/1/0606/0805/3436/products/product11.jpg?v=1642823936,kg,,,
maldila-sepanco,,,,,,,,,M,,OrangeRed,,,"",0.0,,0,deny,manual,25.00,,true,true,"",https://cdn.shopify.com/s/files/1/0606/0805/3436/products/product10.jpg?v=1642823936,5,,,,,,,,,,,,,,,,,,https://cdn.shopify.com/s/files/1/0606/0805/3436/products/product6.jpg?v=1642823936,kg,,,
maldila-sepanco,,,,,,,,,M,,DarkOrange,,,"",0.0,,0,deny,manual,25.00,,true,true,"",https://cdn.shopify.com/s/files/1/0606/0805/3436/products/product11.jpg?v=1642823936,6,,,,,,,,,,,,,,,,,,https://cdn.shopify.com/s/files/1/0606/0805/3436/products/product9.jpg?v=1642823936,kg,,,
maldila-sepanco,,,,,,,,,M,,Black,,,"",0.0,,0,deny,manual,25.00,,true,true,"",,,,,,,,,,,,,,,,,,,,https://cdn.shopify.com/s/files/1/0606/0805/3436/products/product8.jpg?v=1642823936,kg,,,
maldila-sepanco,,,,,,,,,M,,Gold,,,"",0.0,,0,deny,manual,25.00,,true,true,"",,,,,,,,,,,,,,,,,,,,https://cdn.shopify.com/s/files/1/0606/0805/3436/products/product11.jpg?v=1642823936,kg,,,
maldila-sepanco,,,,,,,,,L,,OrangeRed,,,"",0.0,,0,deny,manual,25.00,,true,true,"",,,,,,,,,,,,,,,,,,,,https://cdn.shopify.com/s/files/1/0606/0805/3436/products/product7.jpg?v=1642823936,kg,,,
maldila-sepanco,,,,,,,,,L,,DarkOrange,,,"",0.0,,0,deny,manual,25.00,,true,true,"",,,,,,,,,,,,,,,,,,,,https://cdn.shopify.com/s/files/1/0606/0805/3436/products/product9.jpg?v=1642823936,kg,,,
maldila-sepanco,,,,,,,,,L,,Black,,,"",0.0,,0,deny,manual,25.00,,true,true,"",,,,,,,,,,,,,,,,,,,,https://cdn.shopify.com/s/files/1/0606/0805/3436/products/product10.jpg?v=1642823936,kg,,,
maldila-sepanco,,,,,,,,,L,,Gold,,,"",0.0,,0,deny,manual,25.00,,true,true,"",,,,,,,,,,,,,,,,,,,,https://cdn.shopify.com/s/files/1/0606/0805/3436/products/product11.jpg?v=1642823936,kg,,,
pinot-gris-1,Pinot Gris,"<div class=""py-4"">
<div class=""row"">
<div class=""col-md-6"" style=""text-align: start;"" data-mce-style=""text-align: start;""><img alt="""" src=""https://cdn.shopify.com/s/files/1/0606/0805/3436/files/img_des1.jpg?v=1642785568""></div>
<div style=""text-align: start;"" class=""col-md-6 info2"" data-mce-style=""text-align: start;"">
<div>
<h3>
<meta charset=""utf-8""> <b>Wine Gift Set Includes:</b>
</h3>
<p><meta charset=""utf-8""><meta charset=""utf-8""><span data-mce-fragment=""1"">The perfect way to gift this fantastic Champagne is in our gorgeous, luxury gold gift box. Sure to WOW your recipient!</span><br></p>
<p><span data-mce-fragment=""1""><meta charset=""utf-8"">The wine comes from the purest grape juice and it alone allows Laurent-Perrier to craft 'La Cuvée', a champagne of great finesse and a beautiful freshness obtained after a long ageing process in our cellars.Pale gold in color. Fine bubbles feed a persistent mousse. A delicate nose with hints of fresh citrus and white flowers</span></p>
</div>
<img src=""https://cdn.shopify.com/s/files/1/0606/0805/3436/files/img_des2.jpg?v=1642785600"" alt="""" data-mce-fragment=""1"" data-mce-src=""https://cdn.shopify.com/s/files/1/0606/0805/3436/files/img_des2.jpg?v=1642785600""><br>
</div>
</div>
</div>
<div class=""py-4 des-info"">
<div class=""text-center"">
<h3>Product Details</h3>
<p><meta charset=""utf-8""><span><meta charset=""utf-8"">The wine’s complexity is expressed in successive notes like vine peach and white fruits notes. A perfect balance between freshness and delicacy with fruity flavors very present on the finish.This fresh and pure wine is perfect for an apéritif. Its citrus and white fruits notes and its remarkable balance supported by a subtle effervescence, make it an ideal accompaniment to poultry and the finest fish. </span></p>
</div>
</div>
<div class=""text-center"">
<img src=""https://cdn.shopify.com/s/files/1/0606/0805/3436/files/img_des3.jpg?v=1642785621"" alt="""" data-mce-fragment=""1"" data-mce-src=""https://cdn.shopify.com/s/files/1/0606/0805/3436/files/img_des3.jpg?v=1642785621""><br>
</div>",Wineryn,,,"$30.00 - $40.00, Beige, Black, Crimson, Gold, L, M, S, Sienna",true,Size,S,Color,Beige,,,"",0.0,,0,deny,manual,32.00,,true,true,"",https://cdn.shopify.com/s/files/1/0606/0805/3436/products/product1.jpg?v=1642840307,1,,false,,,,,,,,,,,,,,,,https://cdn.shopify.com/s/files/1/0606/0805/3436/products/product1.jpg?v=1642840307,kg,,,active
pinot-gris-1,,,,,,,,,S,,Sienna,,,"",0.0,,0,deny,manual,32.00,,true,true,"",https://cdn.shopify.com/s/files/1/0606/0805/3436/products/product2.jpg?v=1642840307,2,,,,,,,,,,,,,,,,,,https://cdn.shopify.com/s/files/1/0606/0805/3436/products/product4.jpg?v=1642840307,kg,,,
pinot-gris-1,,,,,,,,,S,,Crimson,,,"",0.0,,0,deny,manual,32.00,,true,true,"",https://cdn.shopify.com/s/files/1/0606/0805/3436/products/product3.jpg?v=1642840307,3,,,,,,,,,,,,,,,,,,https://cdn.shopify.com/s/files/1/0606/0805/3436/products/product2.jpg?v=1642840307,kg,,,
pinot-gris-1,,,,,,,,,S,,Gold,,,"",0.0,,0,deny,manual,32.00,,true,true,"",https://cdn.shopify.com/s/files/1/0606/0805/3436/products/product4.jpg?v=1642840307,4,,,,,,,,,,,,,,,,,,https://cdn.shopify.com/s/files/1/0606/0805/3436/products/product5.jpg?v=1642840303,kg,,,
pinot-gris-1,,,,,,,,,S,,Black,,,"",0.0,,0,deny,manual,32.00,,true,true,"",https://cdn.shopify.com/s/files/1/0606/0805/3436/products/product5.jpg?v=1642840303,5,,,,,,,,,,,,,,,,,,https://cdn.shopify.com/s/files/1/0606/0805/3436/products/product3.jpg?v=1642840307,kg,,,
pinot-gris-1,,,,,,,,,M,,Beige,,,"",0.0,,0,deny,manual,32.00,,true,true,"",,,,,,,,,,,,,,,,,,,,https://cdn.shopify.com/s/files/1/0606/0805/3436/products/product1.jpg?v=1642840307,kg,,,
pinot-gris-1,,,,,,,,,M,,Sienna,,,"",0.0,,0,deny,manual,32.00,,true,true,"",,,,,,,,,,,,,,,,,,,,https://cdn.shopify.com/s/files/1/0606/0805/3436/products/product4.jpg?v=1642840307,kg,,,
pinot-gris-1,,,,,,,,,M,,Crimson,,,"",0.0,,0,deny,manual,32.00,,true,true,"",,,,,,,,,,,,,,,,,,,,https://cdn.shopify.com/s/files/1/0606/0805/3436/products/product2.jpg?v=1642840307,kg,,,
pinot-gris-1,,,,,,,,,M,,Gold,,,"",0.0,,0,deny,manual,32.00,,true,true,"",,,,,,,,,,,,,,,,,,,,https://cdn.shopify.com/s/files/1/0606/0805/3436/products/product5.jpg?v=1642840303,kg,,,
pinot-gris-1,,,,,,,,,M,,Black,,,"",0.0,,0,deny,manual,32.00,,true,true,"",,,,,,,,,,,,,,,,,,,,https://cdn.shopify.com/s/files/1/0606/0805/3436/products/product3.jpg?v=1642840307,kg,,,
pinot-gris-1,,,,,,,,,L,,Beige,,,"",0.0,,0,deny,manual,32.00,,true,true,"",,,,,,,,,,,,,,,,,,,,https://cdn.shopify.com/s/files/1/0606/0805/3436/products/product1.jpg?v=1642840307,kg,,,
pinot-gris-1,,,,,,,,,L,,Sienna,,,"",0.0,,0,deny,manual,32.00,,true,true,"",,,,,,,,,,,,,,,,,,,,https://cdn.shopify.com/s/files/1/0606/0805/3436/products/product4.jpg?v=1642840307,kg,,,
pinot-gris-1,,,,,,,,,L,,Crimson,,,"",0.0,,0,deny,manual,32.00,,true,true,"",,,,,,,,,,,,,,,,,,,,https://cdn.shopify.com/s/files/1/0606/0805/3436/products/product2.jpg?v=1642840307,kg,,,
pinot-gris-1,,,,,,,,,L,,Gold,,,"",0.0,,0,deny,manual,32.00,,true,true,"",,,,,,,,,,,,,,,,,,,,https://cdn.shopify.com/s/files/1/0606/0805/3436/products/product5.jpg?v=1642840303,kg,,,
pinot-gris-1,,,,,,,,,L,,Black,,,"",0.0,,0,deny,manual,32.00,,true,true,"",,,,,,,,,,,,,,,,,,,,https://cdn.shopify.com/s/files/1/0606/0805/3436/products/product3.jpg?v=1642840307,kg,,,
