[{
    "name": "theme_info",
    "theme_name": "Testament",
    "theme_author": "Underground",
    "theme_version": "8.5",
    "theme_documentation_url": "https:\/\/\/\/www.weareunderground.com\/products\/testament",
    "theme_support_url": "https:\/\/www.weareunderground.com\/blogs\/theme-support"
  },
  {
    "name": "Colors",
    "settings": [
      {
        "type": "header",
        "content": "Header"
      },
      {
        "type": "color",
        "id": "header",
        "label": "Announcement background",
        "default": "#000000"
      },
      {
        "type": "color",
        "id": "hello_color",
        "label": "Announcement text",
        "default": "#f0f0f0"
      },
      {
        "type": "color",
        "id": "header_wrapper_background",
        "label": "Background",
        "default": "#ffffff"
      },
      {
        "type": "color",
        "id": "logo_color",
        "label": "Logo text",
        "default": "#000000"
      },
      {
        "type": "color",
        "id": "mobile_header_icons",
        "label": "Icons (mobile)",
        "default": "#000000"
      },
      {
        "type": "header",
        "content": "Navigation"
      },
      {
        "type": "color",
        "id": "navigation",
        "label": "Background",
        "default": "#f0f0f0"
      },
      {
        "type": "color",
        "id": "nav_color",
        "label": "Text",
        "default": "#ffffff"
      },
      {
        "type": "color",
        "id": "nav_hover_color",
        "label": "Background hover",
        "default": "#f5f5f5"
      },
      {
        "type": "color",
        "id": "nav_hover_link_color",
        "label": "Text hover",
        "default": "#000000"
      },
      {
        "type": "color",
        "id": "dropdown_background",
        "label": "Drop down background",
        "default": "#000000"
      },
      {
        "type": "color",
        "id": "dropdown_link_color",
        "label": "Drop down text",
        "default": "#000000"
      },
      {
        "type": "color",
        "id": "dropdown_link_hover_color",
        "label": "Drop down text hover",
        "default": "#000000"
      },
      {
        "type": "color",
        "id": "nav_border_color",
        "label": "Borders",
        "default": "#000000"
      },
      {
        "type": "header",
        "content": "General"
      },
      {
        "type": "color",
        "id": "background",
        "label": "Page background",
        "default": "#ffffff"
      },
      {
        "type": "color",
        "id": "header_color",
        "label": "Headings",
        "default": "#000000"
      },
      {
        "type": "color",
        "id": "text_color",
        "label": "Text",
        "default": "#000000"
      },
      {
        "type": "color",
        "id": "sale_color",
        "label": "Sale tags",
        "default": "#d5d5d5"
      },
      {
        "type": "color",
        "id": "dotted_color",
        "label": "Borders",
        "default": "#d5d5d5"
      },
      {
        "type": "color",
        "id": "error_color",
        "label": "Error color",
        "default": "#c60808"
      },
      {
        "type": "header",
        "content": "Buttons"
      },
      {
        "type": "color",
        "id": "button_color",
        "label": "Button color",
        "default": "#000000"
      },
      {
        "type": "color",
        "id": "button_text",
        "label": "Button text",
        "default": "#000000"
      },
      {
        "type": "color",
        "id": "button_hover",
        "label": "Button hover",
        "default": "#000000"
      },
      {
        "type": "color",
        "id": "secondary_button_color",
        "label": "Secondary button color",
        "default": "#ddd"
      },
      {
        "type": "color",
        "id": "secondary_button_text",
        "label": "Secondary button text",
        "default": "#000"
      },
      {
        "type": "color",
        "id": "secondary_button_hover",
        "label": "Secondary button hover",
        "default": "#ccc"
      },
      {
        "type": "header",
        "content": "Image carousels"
      },
      {
        "type": "color",
        "id": "direction_color",
        "label": "Arrow color",
        "default": "#fff"
      },
      {
        "type": "color",
        "id": "direction_background",
        "label": "Arrow background",
        "default": "#000"
      },
      {
        "type": "color",
        "id": "direction_hover",
        "label": "Arrow background hover",
        "default": "#000"
      },
      {
        "type": "header",
        "content": "Social sharing icons"
      },
      {
        "type": "color",
        "id": "icons",
        "label": "Icons",
        "default": "#000000"
      },
      {
        "type": "color",
        "id": "icons_hover",
        "label": "Icon hover",
        "default": "#000000"
      },
      {
        "type": "header",
        "content": "Footer"
      },
      {
        "type": "color",
        "id": "footer_border",
        "label": "Footer border",
        "default": "#ffffff"
      },
      {
        "type": "color",
        "id": "footer_background",
        "label": "Footer background",
        "default": "#ffffff"
      },
      {
        "type": "color",
        "id": "footer_text",
        "label": "Footer text",
        "default": "#ffffff"
      },
      {
        "type": "color",
        "id": "footer_icons_color",
        "label": "Footer icon",
        "default": "#ffffff"
      },
      {
        "type": "color",
        "id": "footer_icons_hover_color",
        "label": "Footer icon hover",
        "default": "#ffffff"
      },
      {
        "type": "color",
        "id": "footer_input",
        "label": "Newsletter input background",
        "default": "#ffffff"
      },
      {
        "type": "color",
        "id": "footer_input_text",
        "label": "Newsletter input text",
        "default": "#ffffff"
      },
      {
        "type": "color",
        "id": "footer_button",
        "label": "Submit button background",
        "default": "#ffffff"
      },
      {
        "type": "color",
        "id": "footer_button_text",
        "label": "Submit button text",
        "default": "#ffffff"
      }
    ]
    },
  {
    "name": "Typography",
    "settings": [
      {
      "type": "header",
      "content": "Font families"
    },
    {
      "type": "font_picker",
      "id": "main_font",
      "label": "Main font",
      "default": "karla_n4"
    },
    {
      "type": "font_picker",
      "id": "nav_font",
      "label": "Navigation",
      "default": "montserrat_n4"
    },
    {
      "type": "font_picker",
      "id": "heading_font",
      "label": "Headings",
      "default": "montserrat_n4"
    },
    {
      "type": "header",
      "content": "Text size"
    },
    {
      "type": "range",
      "id": "font_size",
      "min": 13,
      "max": 22,
      "step": 1,
      "unit": "px",
      "label": "Body text",
      "default": 13
    },
    {
      "type": "range",
      "id": "nav_size",
      "min": 12,
      "max": 22,
      "step": 1,
      "unit": "px",
      "label": "Navigation",
      "default": 15
    },
    {
      "type": "range",
      "id": "h1_size",
      "min": 12,
      "max": 36,
      "step": 1,
      "unit": "px",
      "label": "Page titles",
      "default": 22
    },
    {
      "type": "range",
      "id": "h2_size",
      "min": 12,
      "max": 36,
      "step": 1,
      "unit": "px",
      "label": "Section titles",
      "default": 19
    },
    {
      "type": "range",
      "id": "h3_size",
      "min": 12,
      "max": 36,
      "step": 1,
      "unit": "px",
      "label": "Subheadings",
      "default": 17
    },
    {
      "type": "header",
      "content": "Content"
    },
    {
      "type": "select",
      "id": "section_titles",
      "label": "Section title borders",
      "options": [
        {
          "value": "lines",
          "label": "Lines"
        },
        {
          "value": "btm_border",
          "label": "Bottom border"
        },
        {
          "value": "none",
          "label": "None"
        }
      ]
    },
    {
      "type": "select",
      "id": "button_corners",
      "label": "Button corners",
      "options": [
        {
          "value": "Sharp",
          "label": "Sharp"
        },
        {
          "value": "curved",
          "label": "Slightly rounded"
        }
      ]
    }
  ]
},
  {
    "name": "Global",
    "settings": [
        {
          "type": "range",
          "id": "section_margins",
          "min": 0,
          "max": 100,
          "step": 5,
          "unit": "px",
          "label": "Space between sections",
          "default": 40
        },
        {
          "type": "header",
          "content": "Keyboard Focus"
        },
        {
          "type": "paragraph",
          "content": "These options control the style of the keyboard focus"
        },
        {
          "type": "color",
          "id": "keyboard_focus",
          "label": "Border color",
          "default": "#9F9B9A"
        },
        {
          "type": "select",
          "id": "focus_border_style",
          "label": "Border style",
          "default": "dashed",
          "options": [
            {
              "value": "dashed",
              "label": "Dashed"
            },
            {
              "value": "solid",
              "label": "Solid"
            },
            {
              "value": "dotted",
              "label": "Dotted"
            }
          ]
        },
        {
          "type": "range",
          "id": "focus_border_weight",
          "min": 1,
          "max": 3,
          "step": 1,
          "unit": "px",
          "label": "Border weight",
          "default": 1
        },
        {
          "type":"header",
          "content":"Effects"
        },
        {
          "type": "checkbox",
          "id": "image_hover_scale",
          "label": "Enable image zoom effect",
          "info": "Slowly zoom on content images when hovered",
          "default":true
        },
        {
          "type": "header",
          "content": "Search"
        },
        {
          "type": "checkbox",
          "id": "search_show_products_only",
          "label": "Only show products in results",
          "default": false
        },
        {
          "type": "checkbox",
          "id": "predictive_search_enabled",
          "label": "Enable product suggestions",
          "info": "Suggested results in header search",
          "default": true
        }
     ]
  },
  {
    "name": "Product grid",
    "settings": [
      {
        "type":"paragraph",
        "content":"Where more than 1 product is shown in a grid, carousel or collection"
      },
      {
        "type": "select",
        "id": "product_image_size",
        "label": "Product image size",
        "options": [{
            "value": "natural",
            "label": "Natural"
          },
          {
            "value": "square",
            "label": "Square (1:1)"
          },
          {
            "value": "landscape",
            "label": "Landscape (4:3)"
          },
          {
            "value": "portrait",
            "label": "Portrait (2:3)"
          }
        ],
        "default": "natural",
        "info": "Theme will maintain a clean grid if your images are different sizes"
      },
      {
        "type": "checkbox",
        "id": "vendor",
        "label": "Show product vendor"
      },
      {
        "type": "checkbox",
        "id": "show_rating",
        "default": false,
        "label": "Show product rating",
        "info": "To display a rating, add a product rating app. [Learn more](https:\/\/weareunderground.com/blogs/theme-support/how-to-display-product-rating-on-product-grid-and-product-page)"
      },
      {
        "type": "checkbox",
        "id": "product_border",
        "label": "Border each item"
      },
      {
        "type": "select",
        "id": "secondary_images_hover",
        "label": "Show second image",
        "options": [{
            "value": "image_flip",
            "label": "On image hover"
          },
          {
            "value": "alternate_colors",
            "label": "On swatch hover"
          },
          {
            "value": "no_hover_effect",
            "label": "No secondary image"
          }
        ],
        "default": "no_hover_effect",
        "info": "On swatch hover requires an image to be assigned to a variant [See instructions](https:\/\/help.shopify.com\/manual\/products\/product-variant-images#add-images-to-existing-variants)"
      },
      {
        "type": "checkbox",
        "id": "quickview",
        "default":false,
        "label": "Enable quick view"
      }
    ]
  },
  {
    "name": "Products",
    "settings": [
      {
        "type": "select",
        "id": "product_variants",
        "label": "Product variant style",
        "options": [
          {
            "value": "swatches",
            "label": "Swatches"
          },
          {
            "value": "dropdowns",
            "label": "Dropdowns"
          }
        ],
        "default":"swatches"
      },
      {
        "type": "checkbox",
        "id": "show_color_swatches",
        "label": "Show color swatches",
        "default": true
      },
      {
        "type": "select",
        "id": "color_swatch_shape",
        "label": "Color swatch shape",
        "options": [
          {
            "value": "circle",
            "label": "Circle"
          },
          {
            "value": "square",
            "label": "Square"
          },
          {
            "value": "rectangle",
            "label": "Rectangle"
          }
        ]
      },
      {
        "type": "select",
        "id": "color_swatch_style",
        "label": "Color swatch style",
        "options": [
          {
            "value": "default-color",
            "label": "Default color"
          },
          {
            "value": "custom-image",
            "label": "Custom uploaded images"
          },
          {
            "value": "variant-image",
            "label": "Zoomed in variant images"
          }
        ],
        "default": "default-color",
        "info": "Learn more about [color swatch styles](https:\/\/www.weareunderground.com\/blogs\/theme-support\/how-to-add-product-swatch-images)"
      },
      {
        "type": "checkbox",
        "id": "use_swatch_images",
        "label": "Show custom swatch images",
        "default": true
      },
      {
        "type": "checkbox",
        "id": "show_sku",
        "label": "Show variant SKU",
        "default": false
      },
      {
        "type": "checkbox",
        "id": "show_quantity",
        "label": "Show quantity selector",
        "default": true
      },
      {
        "type": "checkbox",
        "id": "show_payment_button",
        "label": "Show dynamic checkout button",
        "info": "Lets customers check out directly using a familiar payment method. [Learn more](https:\/\/help.shopify.com\/manual\/using-themes\/change-the-layout\/dynamic-checkout)",
        "default": true
      },
      {
        "type": "select",
        "id": "cart_added_event",
        "label": "When adding to cart",
        "info": "Select how your theme will confirm that an item has been successfully added.",
        "options": [
          {
            "value": "go_to_active_cart",
            "label": "Open shopping cart"
          },
          {
            "value": "product_page",
            "label": "Stay on product page and show message"
          }
        ],
        "default": "go_to_active_cart"
      }
    ]
  },
  {
    "name": "Customer Accounts",
    "settings": [
      {
        "type": "checkbox",
        "id": "show_ca_returns",
        "label": "Show return/exchanges info",
        "default": true
      },
      {
         "type": "page",
         "id": "ca_returns_page",
         "label": "Return/exchanges info"
      }
    ]
  },
  {
    "name": "Cart",
    "settings": [
      {
        "type": "select",
        "id": "cart_type",
        "label": "Cart type",
        "options": [
          {
            "value": "page_only",
            "label": "Page only"
          },
          {
            "value": "drawer",
            "label": "Drawer cart"
          },
          {
            "value": "modal_cart",
            "label": "Modal cart"
          },
          {
            "value": "no_js_cart",
            "label": "Page only - no automatic updates"
          }
        ],
        "default": "drawer"
      },
      {
        "type": "checkbox",
        "id": "show_tax_note",
        "label": "Show tax note",
        "default": false,
        "info": "Shows a note that tax is calculated at checkout"
      },
      {
        "type": "checkbox",
        "id": "show_shipping_note",
        "label": "Show shipping note",
        "default": false,
        "info": "Shows a note that shipping is calculated at checkout"
      },
      {
        "type": "checkbox",
        "id": "show_cart_notes",
        "label": "Show cart note box",
        "default": true,
        "info": "Allows customers to leave a note on their order."
      },
      {
        "type": "header",
        "content": "Shipping Calculator"
      },
      {
        "type": "checkbox",
        "id": "show_shipping_calculator",
        "label": "Show shipping estimator",
        "default": true,
        "info":"Shipping calculator will show on the cart page only, not in the drawer or modal"
      },
      {
        "type": "text",
        "id": "shipping_calculator_default_country",
        "label": "Default country selection",
        "default": "United States"
      },
      {
        "type": "paragraph",
        "content": "If your customer is logged-in, the country in his default shipping address will be selected. If you are not sure about the  spelling to use here, refer to the first checkout page."
      },
      {
        "type": "header",
        "content": "Free Shipping Countdown"
      },
      {
        "type": "checkbox",
        "id": "show_shipping_countdown",
        "label": "Show free shipping countdown",
        "default": false
      },
      {
        "type": "text",
        "id": "free_shipping_threshold",
        "label": "What price qualifies for free shipping?",
        "default": "99"
      },
      {
        "type": "color",
        "id": "free_shipping_bg",
        "label": "Countdown box background",
        "default": "#ac5f1f"
      },
      {
        "type": "color",
        "id": "free_shipping_text",
        "label": "Countdown box text",
        "default": "#fff"
      }
  ]}, {
    "name": "Favicon",
    "settings": [{
      "type": "image_picker",
      "id": "favicon",
      "label": "Favicon image",
      "info": "Will be scaled down to 32 x 32px"
    }]
  },{
    "name": "Social media",
    "settings": [{
      "type": "text",
      "id": "twitter_url",
      "label": "Twitter",
      "info": "https:\/\/twitter.com\/shopify"
    }, {
      "type": "text",
      "id": "facebook_url",
      "label": "Facebook",
      "info": "https:\/\/www.facebook.com\/shopify"
    }, {
      "type": "text",
      "id": "pinterest_url",
      "label": "Pinterest",
      "info": "https:\/\/www.pinterest.com\/shopify"
    }, {
      "type": "text",
      "id": "tumblr_url",
      "label": "Tumblr",
      "info": "https:\/\/shopify.tumblr.com"
    }, {
      "type": "text",
      "id": "youtube_url",
      "label": "YouTube",
      "info": "https:\/\/www.youtube.com\/user\/shopify"
    }, {
      "type": "text",
      "id": "instagram_url",
      "label": "Instagram",
      "info": "https:\/\/instagram.com\/shopify"
    }, {
      "type": "text",
      "id": "snapchat_id",
      "label": "Snapchat",
      "info": "shopify"
    }, {
      "type": "text",
      "id": "tiktok",
      "label": "Tiktok",
      "info": "https:\/\/www.tiktok.com\/@shopify"
    },
    {
      "type": "text",
      "id": "etsy",
      "label": "Etsy",
      "info": "https:\/\/www.etsy.com\/shop\/shopify"
    }]
  }
]
