[{"name":"theme_info","theme_name":"Jewel","theme_author":"HaloThemes","theme_version":"1.0.0","theme_documentation_url":"https:\/\/help.shopify.com\/manual\/using-themes\/sections","theme_support_url":"https:\/\/support.shopify.com\/"},{"name":"Welcome","settings":[{"type":"paragraph","content":"Theme settings allow designers to provide an easy way for any user to customize the look and feel of their shop without having to delve into HTML or CSS code. Please see our [help page on theme settings](http:\/\/docs.shopify.com\/themes\/theme-templates\/settings) to learn more about how you can make your theme customizable."}]},{"name":"FontSize & Typography","settings":[{"type":"header","content":"Header Font - Navigation"},{"type":"radio","id":"font_header","label":"Select font type:","options":[{"value":"google_fonts","label":"Google Fonts [Where do I find Google Fonts?](http:\/\/www.google.com\/fonts)"},{"value":"shopify_fonts","label":"Shopify Font"}],"default":"google_fonts"},{"type":"text","id":"fonts_name_hader","label":"Fonts Name","default":"Poppins","info":"(this option uses for Normal font and Google font)"},{"type":"font_picker","id":"header_font_shopify","label":"Font","default":"work_sans_n6","info":"(this option uses for Shopify font)"},{"type":"header","content":"Body Font"},{"type":"radio","id":"body_font","label":"Select font type:","options":[{"value":"google_fonts","label":"Google Fonts [Where do I find Google Fonts?](http:\/\/www.google.com\/fonts)"},{"value":"shopify_fonts","label":"Shopify Font"}],"default":"google_fonts"},{"type":"text","id":"body_fonts_name","label":"Fonts Name","default":"Poppins","info":"(this option uses for Normal font and Google font)"},{"type":"font_picker","id":"base_font_shopify","label":"Font","default":"work_sans_n6","info":"(this option uses for Shopify font)"},{"type":"text","id":"type_base_size","label":"Fonts Size:","default":"12px","info":" Default 12px"},{"type":"header","content":"Heading Font"},{"type":"radio","id":"heading_font","label":"Select font type:","options":[{"value":"google_fonts","label":"Google Fonts [Where do I find Google Fonts?](http:\/\/www.google.com\/fonts)"},{"value":"shopify_fonts","label":"Shopify Font"}],"default":"google_fonts"},{"type":"text","id":"heading_fonts_name","label":"Fonts Name","default":"DM Serif Display","info":"(this option uses for Normal font and Google font)"},{"type":"font_picker","id":"heading_font_shopify","label":"Font","default":"work_sans_n6","info":"(this option uses for Shopify font)"}]},{"name":"Multiple Layouts","settings":[{"type":"header","content":"Theme Layout"},{"type":"select","id":"body_layout","label":"Layout Body","default":"full_width","options":[{"value":"default","label":"Layout Default"},{"value":"full_width","label":"Full Width"}]},{"type":"header","content":"Header layout"},{"type":"select","id":"header_layout","label":"Header Layout","default":"header_default","options":[{"value":"header_default","label":"Header Default"},{"value":"header_2","label":"Header Customs"}]},{"type":"header","content":"List Collections"},{"type":"select","id":"list_collections_layout","label":"List Collections Layout","options":[{"value":"collections_default_grid","label":"Collections Default Grid"},{"value":"collections_custom_list","label":"Collections Custom List"}],"default":"collections_default_grid","info":"Default: Collections Default"},{"type":"header","content":"Category Page"},{"type":"select","id":"category_layouts","label":"Category Page Layout","options":[{"value":"layout_default","label":"Category Page Default"},{"value":"layout_custom","label":"Category Page Custom"}],"default":"layout_default","info":"Default: Category Page Default"},{"type":"header","content":"Product Page"},{"type":"select","id":"product_layout","label":"Product Page Layout","options":[{"value":"pr_layout_default","label":"Product Page Default"},{"value":"pr_layout_custom","label":"Product Page Custom"}],"default":"pr_layout_default","info":"Default: Product Page Default"},{"type":"header","content":"Footer layout"},{"type":"select","id":"footer_layout","label":"Footer Layout","default":"footer_1","options":[{"value":"footer_1","label":"Footer Default"},{"value":"footer_2","label":"Footer Customs"}]}]},{"name":"Multiple Language","settings":[{"type":"header","content":"Multiple Language","info":"Switch Language - Please install app Translation Lab and setting like Document"},{"type":"checkbox","id":"enable_multilang","label":"Enable Multiple Language","default":true},{"type":"text","id":"lange_1","label":"Language Code 1","default":"en"},{"type":"image","id":"i-lang-1.png","label":"Language 1 Icon"},{"type":"text","id":"lange_2","label":"Language Code 2","default":"de"},{"type":"image","id":"i-lang-2.png","label":"Language 2 Icon"},{"type":"text","id":"lange_3","label":"Language Code 3"},{"type":"image","id":"i-lang-3.png","label":"Language 3 Icon"},{"type":"text","id":"lange_4","label":"Language Code 4"},{"type":"image","id":"i-lang-4.png","label":"Language 4 Icon"},{"type":"text","id":"lange_5","label":"Language Code 5"},{"type":"image","id":"i-lang-5.png","label":"Language 5 Icon"},{"type":"text","id":"lange_6","label":"Language Code 6"},{"type":"image","id":"i-lang-6.png","label":"Language 6 Icon"}]},{"name":"Multiple Currencies","settings":[{"type":"checkbox","id":"enable_shopify_payments_currencies","label":"Enalble Shopify Payments?","info":"* Only avaiable for store has Shopify Payments. Link [here](https:\/\/help.shopify.com\/en\/manual\/payments\/shopify-payments\/multi-currency\/setup). Don't choose both of 3 options. Don't choose Shopify payment with other options.","default":false},{"type":"checkbox","id":"enable_multiple_currencies","label":"Enable Multiple Currencies?","default":true},{"type":"checkbox","id":"enable_auto_currency","label":"Enable Automatic currency?","default":false},{"type":"text","id":"currency_1_unit","label":"Currency 1 unit Text","default":"USD"},{"type":"image","id":"i-currency-1.png","label":"Currency 1 unit Icon"},{"type":"text","id":"currency_2_unit","label":"Currency 2 unit Text","default":"EUR"},{"type":"image","id":"i-currency-2.png","label":"Currency 2 unit Icon"},{"type":"text","id":"currency_3_unit","label":"Currency 3 unit Text"},{"type":"image","id":"i-currency-3.png","label":"Currency 3 unit Icon"},{"type":"text","id":"currency_4_unit","label":"Currency 4 unit Text"},{"type":"image","id":"i-currency-4.png","label":"Currency 4 unit Icon"},{"type":"text","id":"currency_5_unit","label":"Currency 5 unit Text"},{"type":"image","id":"i-currency-5.png","label":"Currency 5 unit Icon"},{"type":"text","id":"currency_6_unit","label":"Currency 6 unit Text"},{"type":"image","id":"i-currency-6.png","label":"Currency 6 unit Icon"},{"type":"text","id":"currency_7_unit","label":"Currency 7 unit Text"},{"type":"image","id":"i-currency-7.png","label":"Currency 7 unit Icon"},{"type":"text","id":"currency_8_unit","label":"Currency 8 unit Text"},{"type":"image","id":"i-currency-8.png","label":"Currency 8 unit Icon"},{"type":"text","id":"currency_9_unit","label":"Currency 9 unit Text"},{"type":"image","id":"i-currency-9.png","label":"Currency 9 unit Icon"},{"type":"text","id":"currency_10_unit","label":"Currency 10 unit Text"},{"type":"image","id":"i-currency-10.png","label":"Currency 10 unit Icon"},{"type":"paragraph","content":"Separate your currency codes with a space. Use the ISO 4217 3-letter currency code. Click [here](http:\/\/www.xe.com\/iso4217.php) for a complete list of currency codes. Example: CAD USD."},{"type":"paragraph","content":"* For this functionality to work in your shop, you are required to edit your money formats as per [these instructions](http:\/\/wiki.shopify.com\/How_to_Show_Multiple_Currencies#Do_tell_where_the_money_is) (“Do tell where the money is”)."}]},{"name":"General","settings":[{"type":"header","content":"Favicon"},{"type":"image_picker","id":"favicon","label":"Favicon image","info":"Will be scaled down to 32 x 32px"},{"type":"header","content":"Open Graph Share"},{"type":"checkbox","id":"enable_opengraph","label":"Enable Open Graph?","default":true},{"type":"image_picker","id":"image_share","label":"Image Share Homepage","info":"Minimum size: 200x200"},{"type":"range","id":"product_card_height_procent","min":50,"max":150,"step":1,"label":"Image height (in % of width)","default":100},{"type":"checkbox","id":"image_swap","label":"Use Image Swap","default":false},{"type":"checkbox","id":"display_breadcrumb","label":"Display Breadcrumb?","default":true},{"type":"checkbox","id":"show_product_quickview","label":"Enable Quick View?","default":true},{"type":"checkbox","id":"show_product_quickview_mobile","label":"Enable Quick View On Mobile?","default":false},{"type":"checkbox","id":"show_product_vendor","label":"Show Product Vendors","default":true},{"type":"checkbox","id":"show_product_title","label":"Show Product Title","default":true},{"type":"checkbox","id":"show_product_reviews","label":"Show Product Reviews","default":true},{"type":"text","id":"embed_code_review","label":"Reviews Code"},{"type":"checkbox","id":"show_product_price","label":"Show Product Price","default":true},{"type":"checkbox","id":"show_product_button","label":"Show Add to cart Button","default":true},{"type":"checkbox","id":"show_product_variant","label":"Show Color Variant","default":true},{"type":"checkbox","id":"show_product_color_img","label":"Enable the ability to get PNG image for custom color","default":false},{"type":"select","id":"show_product_variant_img","label":"Color Swatch:","options":[{"value":"normal","label":"Color for Swatch"},{"value":"variant","label":"Variant images for Swatch"}],"default":"normal"},{"type":"checkbox","id":"show_wishlist","label":"Show wishlist","default":true},{"type":"checkbox","id":"show_wishlist_mb","label":"Show wishlist Mobile","default":false},{"type":"checkbox","id":"show_store_locator","label":"Show store loacator","default":true},{"type":"checkbox","id":"show_product_compare","label":"Show Compare","default":true},{"type":"checkbox","id":"show_product_compare_mb","label":"Show Compare Mobile","default":false},{"type":"range","id":"time_show_badgeNew","label":"Label New: Time To Show","max":101,"min":1,"step":1,"unit":"Day","default":30},{"type":"range","id":"product_show_badgeNew","label":"Number Products Show Label New","max":100,"min":4,"step":4,"unit":"Qty","default":40},{"type":"select","id":"type_label_sale","label":"Label Sale: Type","default":"text","options":[{"value":"text","label":"Normal Label"},{"value":"number","label":"% Sale"}]},{"type":"header","content":"Share Code"},{"type":"textarea","id":"embed_code_share","label":"Share Icon Embed Code"},{"type":"header","content":"Add On Change Group Image By Swatch Options"},{"type":"checkbox","id":"enable_change_group_image","label":"Enabled Change Group Image","default":false,"info":"Variant Images Grouped only work on Custom Product Page Layout"},{"type":"header","content":"Product Size Chart"},{"type":"checkbox","id":"display_size_chart","label":"Enable Size Chart?","default":true},{"type":"select","id":"size_chart","label":"Using different size charts for products by following","options":[{"value":"none","label":"All Products"},{"value":"product_vendor","label":"Product Vendor"},{"value":"product_type","label":"Product Type"},{"value":"different","label":"Each of size chart for each of product"}],"default":"none","info":"Default Value: None"},{"type":"text","id":"size_guide_text","label":"Size Guide Text","default":"Size Guide"},{"type":"image_picker","id":"custom_size_chart","label":"Size Chart Image","info":"Select Image if you would like to show the same Size Chart for All Products"},{"type":"header","content":"Product Countdown"},{"type":"checkbox","id":"display_product_countdown","label":"Enable?","default":true},{"type":"radio","id":"option_countdown","label":"Style","options":[{"value":"all_product","label":"Use for all products"},{"value":"different_product","label":"Use for different product"}],"default":"all_product"},{"type":"text","id":"text_countdown","label":"Text Countdown","default":"Limited-Time Offers, End in:"},{"type":"text","id":"count_down_timer","label":"Deal Time","default":"2020-12-25 22:11:00","info":"Use for countdown of all products, Ex: 2020\/12\/25 22:11:00 "},{"type":"header","content":"Product Options"},{"type":"text","id":"product_options_one","label":"Product Option Name 1","default":"color"},{"type":"text","id":"product_options_two","label":"Product Option Name 2","default":"size"},{"type":"text","id":"product_options_three","label":"Product Option Name 3","default":"Product Options","info":"You must enter your product options to activate some functions of theme. Ex: Color, Size, Material"},{"type":"header","content":"Product Options layout"},{"type":"text","id":"product_options_color","label":"Use Swatch For Option 1:","default":"color","info":"If you leave this section blank. The default will show a dropdown layout"},{"type":"text","id":"product_options_size","label":"Use Swatch For Option 2:","default":"Size","info":"If you leave this section blank. The default will show a dropdown layout"},{"type":"text","id":"product_options3_size","label":"Use Swatch For Option 3:","default":"Product Options","info":"If you leave this section blank. The default will show a dropdown layout"},{"type":"header","content":"Terms and Conditions Checkbox"},{"type":"checkbox","id":"terms_conditions","label":"Enable Terms and Conditions?","default":true},{"type":"text","id":"terms_conditions_text","label":"Terms and Conditions Text","default":"I agree with the terms and conditions"},{"type":"header","content":"Back To Top Button"},{"type":"checkbox","id":"enable_backtotop","label":"Enable Back To Top?","default":true}]},{"name":"Register and Login Page","settings":[{"type":"text","id":"title_acc","label":"Title","default":"My Account"},{"type":"text","id":"title_login","label":"Text Title Login Account","default":"Returning Customer"},{"type":"textarea","id":"login_text_desc","label":"Text Description - Login Page"},{"type":"text","id":"title_register","label":"Text Title Register Account","default":"New Customers"},{"type":"textarea","id":"register_text_desc","label":"Text Description - Register Account"}]},{"name":"Search Form","settings":[{"type":"header","content":"Search Trending"},{"type":"checkbox","id":"enable_search_trending","label":"Enable","default":true},{"type":"text","id":"trending_search_title","label":"Title","default":"trending","info":"==================="},{"type":"text","id":"trending_search_item_1","label":"Search Item 1","default":"dempus"},{"type":"text","id":"trending_search_item_2","label":"Search Item 2","default":"sample"},{"type":"text","id":"trending_search_item_3","label":"Search Item 3","default":"magnis"},{"type":"text","id":"trending_search_item_4","label":"Search Item 4","default":"loremous saliduar"},{"type":"text","id":"trending_search_item_5","label":"Search Item 5","default":"naminos"},{"type":"text","id":"trending_search_item_6","label":"Search Item 6","default":"dinterdum","info":"==================="},{"type":"header","content":"Popular Products"},{"type":"checkbox","id":"enable_search_popular_products","label":"Enable","default":true},{"type":"text","id":"popular_products_search_title","label":"Title","default":"Popular Products","info":"==================="},{"type":"collection","id":"popular_products_collection","label":"Collection to use","info":"==================="},{"type":"range","id":"popular_products_limit","label":"Number of new products to show","min":3,"max":6,"step":1,"default":3}]},{"name":"Ask An Expert Popup","settings":[{"type":"checkbox","id":"enable_ask_an_expert","label":"Enable?","default":true},{"type":"checkbox","id":"enable_ask_an_expert_mb","label":"Enable Mobile?","default":false},{"type":"text","id":"ask_an_expert_header","label":"Title Header","default":"ask an Expert"},{"type":"textarea","id":"ask_an_expert_title","label":"Title","default":"Ask the Jewelry Expert anything on Our Online Store"},{"type":"textarea","id":"ask_an_expert_des","label":"Descriptions","default":"Well follow up with you via email within 24-48 hours"},{"type":"text","id":"form_an_expert_header","label":"Form Title","default":"Please answer the following Questionnaire"},{"type":"header","content":"Do You Need"},{"type":"checkbox","id":"enable_ask_do_you_need","label":"Enable","default":true},{"type":"text","id":"ask_do_you_need","label":"Label","default":"Do You Need"},{"type":"text","id":"ask_do_you_need_1","label":"Infor 1","default":"Pricing"},{"type":"text","id":"ask_do_you_need_2","label":"Infor 2","default":"Answers"},{"type":"text","id":"ask_do_you_need_3","label":"Infor 3","default":"Both"},{"type":"header","content":"Message"},{"type":"text","id":"ask_form_mess","label":"Label","default":"What can i help you with today ?"},{"type":"header","content":"How would you like me to contact you?"},{"type":"checkbox","id":"enable_how_would_you_like_me_to_contact_you","label":"Enable","default":true},{"type":"text","id":"how_would_you_like_me_to_contact_you","label":"Label","default":"How would you like me to contact you?"},{"type":"text","id":"contact_with_you_1","label":"Infor 1","default":"Phone"},{"type":"text","id":"contact_with_you_2","label":"Infor 2","default":"Email"},{"type":"text","id":"contact_with_you_3","label":"Infor 3","default":"Both"}]},{"name":"Quickview Popup","settings":[{"type":"header","content":"Product Quick View"},{"type":"checkbox","id":"qv_enable_zoom","label":"Enable image zoom","default":true},{"type":"checkbox","id":"qv_enable_fancybox","label":"Enable image gallery popup","default":true},{"type":"checkbox","id":"qv_video_product","label":"Enable Product Video?","default":true},{"type":"checkbox","id":"qv_display_product_reviews","label":"Enable Product Reviews?","default":true},{"type":"checkbox","id":"qv_show_sold_in","label":"Enabled products has been sold?","default":true},{"type":"textarea","id":"qv_item_prd","label":"The number of products","default":"3,5,6,7,8,10,12,15"},{"type":"text","id":"qv_item_prds","label":"Text Sold in","default":"sold in last"},{"type":"textarea","id":"qv_hours_prs","label":"Hours","default":"10,15,16,17,18,20,25,35"},{"type":"text","id":"qv_item_hours","label":"Text Hours","default":"hours"},{"type":"checkbox","id":"qv_display_vendor","label":"Enable Product Vendor?","default":true},{"type":"checkbox","id":"qv_display_product_sku","label":"Enable Product SKU?","default":true},{"type":"checkbox","id":"qv_display_availability","label":"Enable Product Availability?","default":true},{"type":"checkbox","id":"qv_display_product_type","label":"Enable Product Type?","default":false},{"type":"checkbox","id":"qv_display_price","label":"Enable Price?","default":true},{"type":"checkbox","id":"qv_display_subtotal","label":"Enable Subtotal?","default":true},{"type":"checkbox","id":"qv_show_quantity_selector","label":"Show quantity selector","default":true},{"type":"checkbox","id":"qv_display_short_description","label":"Enable Short description?","default":true},{"type":"select","id":"qv_type_short_description","label":"Choose Type Short description","default":"default","options":[{"value":"default","label":"Default"},{"value":"metafields","label":"Use Metafields App"}]},{"type":"text","id":"qv_number_words","label":"Number Words","default":"50"},{"type":"checkbox","id":"qv_dpl_customers_view","label":"Enable Customers viewing","default":true},{"type":"text","id":"qv_title_view","label":"Title","default":"customers are viewing this product"},{"type":"textarea","id":"qv_number_view","label":"Number of customers viewing","default":"283, 100, 59, 11, 14, 185, 193, 165, 50, 38, 99, 112, 46, 10, 125, 200, 250, 18","info":"Please enter the number"},{"type":"checkbox","id":"qv_display_product_detail_share","label":"Enable Product Share?","default":true},{"type":"header","content":"Product Trust Image"},{"type":"checkbox","id":"display_trust_img","label":"Enable Trust Image?","default":true},{"type":"image_picker","id":"img_trust","label":"Image Trust"}]},{"name":"Newsletter Popup","settings":[{"type":"checkbox","id":"display_popup_newsletter","label":"Display Newsletter Popup?","default":true},{"type":"select","id":"when_to_show","label":"When To Show","options":[{"value":"first_time","label":"With 'Don't show again' Option"},{"value":"all_the_time","label":"Without 'Don't show again' Option"}],"default":"first_time","info":"Default Value: With 'Don't show again' Option"},{"type":"range","id":"popup_newsletter_expire","label":"Times shows again (days)","max":7,"min":1,"step":1,"unit":"day","default":1},{"type":"range","id":"popup_newsletter_delay","label":"Delay Times (seconds)","max":15,"min":1,"step":1,"unit":"sec","default":8},{"type":"image_picker","id":"newsletter","label":"Upload a new newsletter image"},{"type":"text","id":"popup_newsletter_title","label":"Newsletter Popup Title","default":"Join Our Mailing List"},{"type":"textarea","id":"popup_newsletter_des_1","label":"Newsletter Popup Descriptions 1","default":"Sign Up for exclusive updates, <br> new arrivals and insider-only discounts"},{"type":"textarea","id":"popup_newsletter_des","label":"Newsletter Popup Descriptions 2","default":"We promise to only send you good things"},{"type":"text","id":"popup_newsletter_text_note","label":"Popup Newsletter Text Note","default":"Don't show again!"},{"type":"text","id":"newssletter_success_text","label":"Successfully Subscribed Text","default":"You have successfully subscribed!"},{"type":"text","id":"newssletter_error_text","label":"This email has been registered","default":"This email has been registered"},{"type":"header","content":"Social"},{"type":"checkbox","id":"display_popup_social","label":"Display Popup Newsletter?","default":true},{"type":"header","content":"Color"},{"type":"color","id":"background_newsletter","label":"Background Newsletter","default":"#fff"},{"type":"color","id":"text_content_newsletter","label":"Texr Content Color","default":"#787878"},{"type":"color","id":"color_title_newsletter","label":"Color Popup Title","default":"#282828"},{"type":"color","id":"back_button_newsletter","label":"Background Button","default":"#282828"},{"type":"color","id":"color_button_newlet","label":"Button Color","default":"#fff"}]},{"name":"Someone Purchased","settings":[{"type":"checkbox","id":"display_someone-purchased","label":"Display Someone Purchased PC","default":true},{"type":"checkbox","id":"display_someone-purchased_mb","label":"Display Someone Purchased on mobile","default":true},{"type":"radio","id":"show_someone-purchased","label":"Someone Purchased Modal on the","options":[{"value":"left","label":"Left"},{"value":"right","label":"Right"}],"default":"left","info":"Only Desktop"},{"type":"range","id":"autorotate_speed","label":"Change slides every","max":15,"min":3,"step":1,"unit":"s","default":8},{"type":"text","id":"text","label":"Text Someone recently bought","default":"Someone recently bought a","info":"=============="},{"type":"product","id":"someone_recently_product_1","label":"Select Product"},{"type":"text","id":"from_ago_1","default":"20 minutes ago from Blackburn, UK","label":"Time and Location Text","info":"=============="},{"type":"product","id":"someone_recently_product_2","label":"Select Product"},{"type":"text","id":"from_ago_2","default":"20 minutes ago from Blackburn, UK","label":"Time and Location Text","info":"=============="},{"type":"product","id":"someone_recently_product_3","label":"Select Product"},{"type":"text","id":"from_ago_3","default":"20 minutes ago from Blackburn, UK","label":"Time and Location Text","info":"=============="},{"type":"product","id":"someone_recently_product_4","label":"Select Product"},{"type":"text","id":"from_ago_4","default":"20 minutes ago from Blackburn, UK","label":"Time and Location Text","info":"=============="},{"type":"product","id":"someone_recently_product_5","label":"Select Product"},{"type":"text","id":"from_ago_5","default":"20 minutes ago from Blackburn, UK","label":"Time and Location Text"},{"type":"header","content":"Color"},{"type":"color","id":"color_notification2","label":"Color","default":"#8c8c8c","info":"Default Value: #8c8c8c"},{"type":"color","id":"color_title_notification2","label":"Color Title","default":"#323232","info":"Default Value: #323232"},{"type":"color","id":"color_title_border","label":"Color Border","default":"#a0a0a0","info":"Default Value: #a0a0a0"},{"type":"color","id":"color_button_close","label":"Color Button Close","default":"#787878","info":"Default Value: #787878"},{"type":"color","id":"color_bg_notification2","label":"Background","default":"#ffffff","info":"Default Value: #ffffff"}]},{"name":"GDPR Modal","settings":[{"type":"checkbox","id":"display_gdpr","label":"Enable GDPR Modal","default":true},{"type":"checkbox","id":"display_gdpr_mb","label":"Enable GDPR Modal on mobile","default":true},{"type":"radio","id":"show_gdpr","label":"Show GDPR Modal on the:","options":[{"value":"left","label":"Left"},{"value":"right","label":"Right"}],"default":"right","info":"Only Desktop"},{"type":"textarea","id":"gdpr_content","label":"Content","default":"We use cookies to improve your experience on our website. Read about how we use cookies in our Privacy Policy. By browsing this website, you agree to our use of cookies."},{"type":"text","id":"gdpr_accept_cookies_text","label":"Accept Cookies Text","default":"Accept Cookies"},{"type":"header","content":"Color"},{"type":"color","id":"color_cookieMessage","label":"Text Color","default":"#ffffff","info":"Default Value: #ffffff"},{"type":"color","id":"color_bg_cookieMessage","label":"Background Color","default":"#323232","info":"Default Value: #323232"},{"type":"color","id":"color_btn_cookieMessage","label":"Button Color","default":"#fafafa","info":"Default Value: #fafafa"},{"type":"color","id":"color_btn_bg_cookieMessage","label":"Button Background Color","default":"#8c8c8c","info":"Default Value: #8c8c8c"},{"type":"color","id":"color_btn_cookieMessage_hover","label":"Button Color Hover","default":"#ffffff","info":"Default Value: #ffffff"},{"type":"color","id":"color_btn_bg_cookieMessage_hover","label":"Button BG Color Hover","default":"#ed4f2d","info":"Default Value: #ed4f2d"},{"type":"color","id":"color_btn_close_gp","label":"Color Button Close","default":"#fff","info":"Default Value: #fff"}]},{"name":"Cart","settings":[{"type":"header","content":"Progress Bar Shipping","info":"Will be show Progress Bar Shipping for CartPage and CartPopup"},{"type":"checkbox","id":"enable_progress_bar_shipping","label":"Enable Progress Bar Shipping","default":true},{"type":"text","id":"shipping_price","label":"Total price of order to offer free shipping","default":"7000"},{"type":"header","content":"Cart Countdown"},{"type":"checkbox","id":"cart_count_enable","label":"Enable Cart Countdown?","default":true},{"type":"text","id":"minute_countdown","label":"Minute","default":"30"},{"type":"header","content":"Banner Paypal Cart Sidebar"},{"type":"checkbox","id":"enable_paypal","label":"Enable Paypal Icon?","default":true},{"type":"image_picker","id":"banner_paypal","label":"Add Banner Paypal"},{"type":"header","content":"Product Cart Sidebar"},{"type":"checkbox","id":"enable_products_cart_sidebar","label":"Enable","default":true},{"type":"text","id":"products_cart_sidebar_title","label":"Title","default":"You May Also Like"},{"type":"text","id":"cart_products_limit","label":"Product Limit","default":"3"},{"type":"collection","id":"products_cart_sidebar","label":"Collection to use"},{"type":"select","id":"redirect_button","label":"Redirect Continue Shopping button","default":"link_to","options":[{"value":"link_to","label":"Input link for button"},{"value":"go_back","label":"Go back to previous page"}]},{"type":"url","id":"link_to_redirect","label":"Link","info":"Use for Option: Input link for button"}]},{"name":"Color (General)","settings":[{"type":"header","content":"Body Color"},{"type":"color","id":"color_body_text","label":"Text Color","default":"#787878","info":"Default Value: #787878"},{"type":"color","id":"color_url","label":"Link Color","default":"#8c8c8c","info":"Default Value: #8c8c8c"},{"type":"color","id":"color_url_hover","label":"Link Color Hover","default":"#ED4F2D","info":"Default Value: #ED4F2D"},{"type":"color","id":"color_body_bg","label":"Body Background","default":"#ffffff","info":"Default Value: #ffffff"},{"type":"color","id":"border_color","label":"Border Color","default":"#e8e9eb","info":"Default Value: #e8e9eb"},{"type":"header","content":"Heading\/Title Color"},{"type":"color","id":"color_heading_text","label":"Heading Color","default":"#323232","info":"Default Value: #323232"},{"type":"color","id":"color_heading_url","label":"Heading Link Color","default":"#4563b3","info":"Default Value: #4563b3"},{"type":"header","content":"Section Color (Homepage)"},{"type":"color","id":"color_section_border","label":"Border Color","default":"#e2e4e8","info":"Default Value: #e2e4e8"},{"type":"color","id":"color_section_bg_gray","label":"Background Color (Gray)","default":"#f5f5f5","info":"======================="},{"type":"header","content":"Buttons 1"},{"type":"color","id":"btn_1_text_color","label":"Text color","default":"#323232"},{"type":"color","id":"btn_1_border_color","label":"Border color","default":"#787878"},{"type":"color","id":"btn_1_bg_color","label":"Background color","default":"#fff"},{"type":"header","content":"Buttons 2"},{"type":"color","id":"btn_2_text_color","label":"Text color","default":"#fff"},{"type":"header","content":"Buttons 3"},{"type":"color","id":"btn_3_text_color","label":"Text color","default":"#fff"},{"type":"color","id":"btn_3_border_color","label":"Border color","default":"#505050"},{"type":"color","id":"btn_3_bg_color","label":"Background color","default":"#505050"},{"type":"color","id":"btn_2_border_color","label":"Border color","default":"#323232"},{"type":"color","id":"btn_2_bg_color","label":"Background color","default":"#323232"},{"type":"header","content":"Buttons Disabled"},{"type":"color","id":"sold_out_text","label":"Text color","default":"#fff"},{"type":"color","id":"bg_sold_out","label":"Background color","default":"#b6b6b6"},{"type":"header","content":"Product Card"},{"type":"color","id":"color_product_vendor","label":"Product vendor","default":"#8c8c8c"},{"type":"color","id":"color_product_title","label":"Product title","default":"#323232"},{"type":"color","id":"color_product_title_hover","label":"Product title hover","default":"#8b714a"},{"type":"color","id":"color_product_review","label":"Product review","default":"#8b714a"},{"type":"color","id":"color_product_review_empty","label":"Product review (empty)","default":"#dfdfe0"},{"type":"color","id":"color_product_price","label":"Product price (default)","default":"#282828"},{"type":"color","id":"color_product_price_sale","label":"Product price (sale)","default":"#282828"},{"type":"color","id":"color_product_price_presale","label":"Product price (pre-sale)","default":"#8c8c8c"},{"type":"header","content":"Product Button"},{"type":"color","id":"color_product_button_text","label":"Text Color","default":"#ffffff"},{"type":"color","id":"color_product_button_bg","label":"Background Color","default":"#505050"},{"type":"color","id":"color_product_button_border","label":"Border Color","default":"#505050"},{"type":"color","id":"color_product_button_text_hover","label":"Text Color Hover","default":"#505050"},{"type":"color","id":"color_product_button_bg_hover","label":"Background Color Hover","default":"#fff"},{"type":"color","id":"color_product_button_border_hover","label":"Border Color Hover","default":"#505050"},{"type":"color","id":"color_product_button_soldOut_text","label":"Text Color (sold out)","default":"#999999"},{"type":"color","id":"color_product_button_soldOut_bg","label":"Background Color (sold out)","default":"#f7f7f7"},{"type":"color","id":"color_product_button_soldOut_border","label":"Border Color (sold out)","default":"#f7f7f7"},{"type":"header","content":"Product Badge"},{"type":"color","id":"color_badge_text","label":"Default badge text","default":"#ffffff"},{"type":"color","id":"color_badge_bg","label":"Default badge background","default":"#2e3031"},{"type":"color","id":"color_new_badge_text","label":"New badge text","default":"#ffffff"},{"type":"color","id":"color_new_badge_bg","label":"New badge background","default":"#8b714a"},{"type":"color","id":"color_sale_badge_text","label":"Sale badge text","default":"#ffffff"},{"type":"color","id":"color_sale_badge_bg","label":"Sale badge background","default":"#e95144"},{"type":"color","id":"color_soldOut_badge_text","label":"Soldout badge text","default":"#ffffff"},{"type":"color","id":"color_soldOut_badge_bg","label":"Soldout badge background","default":"#b6b6b6"},{"type":"color","id":"color_bundle_badge_text","label":"Soldout badge text","default":"#ffffff"},{"type":"color","id":"color_bundle_badge_bg","label":"Soldout badge background","default":"#505050"},{"type":"color","id":"color_bestSellers_badge_text","label":"Best Sellers badge text","default":"#ffffff"},{"type":"color","id":"color_bestSellers_badge_bg","label":"Best Sellers badge background","default":"#ed6912"},{"type":"header","content":"Form fields"},{"type":"color","id":"color_text_field_text","label":"Text","default":"#787878"},{"type":"color","id":"color_text_field_border","label":"Borders","default":"#cccfd6"},{"type":"color","id":"color_text_field","label":"Background","default":"#fff"},{"type":"header","content":"Image Overlay"},{"type":"range","id":"image_overlay_opacity","label":"Opacity","min":0,"max":100,"step":1,"unit":"%","default":40},{"type":"header","content":"Back To Top"},{"type":"color","id":"color_btt","label":"Color","default":"#8b704e","info":"Default Value: #8b704e"},{"type":"color","id":"color_border_btt","label":"Border Color","default":"#8b704e","info":"Default Value: #8b704e"},{"type":"color","id":"color_bg_btt","label":"Background Color","default":"#ffffff","info":"Default Value: #ffffff"}]},{"name":"Color (header Default)","settings":[{"type":"header","content":"header fixed on home page"},{"type":"checkbox","id":"postion_abs_hd_hp","label":"Fixed Header?","default":true},{"type":"color","id":"color_bg_header_middle_2_hp","label":"Header Background "},{"type":"color","id":"color_nav_2_hp","label":"Color Navigation ","default":"#fae3ca"},{"type":"color","id":"color_text_hp","label":"Color text","default":"#fff"},{"type":"header","content":"Header Top"},{"type":"color","id":"color_bg_announcement_bar_2","label":"Background","default":"#f2e3ca"},{"type":"color","id":"color_announcement_bar_2","label":"color","default":"#44311c"},{"type":"header","content":"Header Bottom"},{"type":"color","id":"color_bg_header_middle_2","label":"Header Bottom Background","default":"#fff"},{"type":"color","id":"color_text","label":"Color text","default":"#787878"},{"type":"color","id":"background_count_item","label":"Background Total Items","default":"#282828"},{"type":"color","id":"color_count_item","label":"Color Total Items","default":"#fff"}]},{"name":"Color (header Customs)","settings":[{"type":"header","content":"Header Top"},{"type":"color","id":"color_bg_announcement_bar","label":"Background","default":"#2e3031"},{"type":"color","id":"color_announcement_bar","label":"color","default":"#fff"},{"type":"header","content":"Header Bottom"},{"type":"color","id":"color_bg_header_middle","label":"Header Bottom Background","default":"#f5f5f5"},{"type":"color","id":"color_header_middle","label":"Header Bottom Color","default":"#464646"},{"type":"color","id":"color_bor_middle","label":"Color Border","default":"#c8c8c8"},{"type":"color","id":"color_logo","label":"Logo Color (Text or Svg)","default":"#2e3031"},{"type":"color","id":"color_cart_countPill","label":"Cart Count Text","default":"#ffffff"},{"type":"color","id":"color_bg_cart_countPill","label":"Cart Count Background","default":"#2e3031"},{"type":"header","content":"Header Search"},{"type":"color","id":"color_bg_header_search","label":"Background Button","default":"#323232"},{"type":"color","id":"color_button_header","label":"Color Button","default":"#fff"}]},{"name":"Header Mobile","settings":[{"type":"checkbox","id":"enable_header_search_mb","label":"Enable Search Form","default":true},{"type":"checkbox","id":"enable_header_account_mb","label":"Enable My Account","default":true},{"type":"checkbox","id":"enable_header_cart_mb","label":"Enable Cart","default":true},{"type":"color","id":"color_bg_header_mb","label":"Background ","default":"#fff"},{"type":"color","id":"color_header_mb","label":"Color ","default":"#2e3031"},{"type":"color","id":"color_item_cart","label":"Cart Count Text ","default":"#fff"},{"type":"color","id":"color_logo_mb","label":"Logo Color Mobile (Text or Svg)","default":"#2e3031"}]},{"name":"Color (Navigation)","settings":[{"type":"color","id":"bg_menu","label":"Background Main Menu","default":"#fafafa"},{"type":"color","id":"bg_dropdown_menu","label":"Background Dropdown Menu","default":"#fff","info":"======================="},{"type":"color","id":"color_menu_lv1","label":"Level 1 Menu Color","default":"#2e3031"},{"type":"color","id":"hover_color_mnu_lv1","label":"Level 1 border color when hover","default":"#8c8c8c"},{"type":"text","id":"font_size_mnu_lv1","label":"Font size Menu level 1","default":"13px","info":"======================="},{"type":"color","id":"color_menu_lv2","label":"Level 2 Menu Color","default":"#787878"},{"type":"color","id":"hover_color_mnu_lv2","label":"Level 2 Menu color when hover","default":"#8b714a"},{"type":"text","id":"font_size_mnu_lv2","label":"Font size Menu level 2","default":"12px","info":"======================="},{"type":"color","id":"color_menu_lv3","label":"Level 3 Menu Color","default":"#787878"},{"type":"color","id":"hover_color_mnu_lv3","label":"Level 3 Menu color when hover","default":"#8b714a"},{"type":"text","id":"font_size_mnu_lv3","label":"Font size Menu level 3","default":"12px"},{"type":"header","content":"Label"},{"type":"color","id":"bg_lb_sale","label":"Background color label sale","default":"#ed4f2d"},{"type":"color","id":"color_lb_sale","label":"Text Color label sale","default":"#fff","info":"======================="},{"type":"color","id":"bg_lb_new","label":"Background color label New","default":"#4fb7d0"},{"type":"color","id":"color_lb_new","label":"Text Color label New","default":"#fff","info":"======================="},{"type":"color","id":"bg_lb_hot","label":"Background color label Hot","default":"#f4ab3c"},{"type":"color","id":"color_lb_hot","label":"Text Color label Hot","default":"#fff"}]},{"name":"Color (Navigation Mobile Or Sidebar Navigation)","settings":[{"type":"color","id":"color_menu_lv1_mb","label":"Level 1 Menu Color","default":"#282828"},{"type":"color","id":"hover_color_menu_lv1_mb","label":"Level 1 border color when hover","default":"#787878","info":"======================="},{"type":"color","id":"color_menu_lv2_mb","label":"Level 2 Menu Color","default":"#282828"},{"type":"color","id":"hover_color_mnu_lv2_mb","label":"Level 2 Menu color when hover","default":"#787878","info":"======================="},{"type":"color","id":"color_menu_lv3_mb","label":"Level 3 Menu Color","default":"#282828"},{"type":"color","id":"hover_color_mnu_lv3_mb","label":"Level 3 Menu color when hover","default":"#787878"}]},{"name":"Color (Footer Default)","settings":[{"type":"header","content":"Footer Top"},{"type":"color","id":"bor_footer_df","label":"Border Color","default":"#ececec"},{"type":"color","id":"background_footer_df","label":"Background Color","default":"#fff"},{"type":"header","content":"Footer Links"},{"type":"color","id":"footer_link_df_title","label":"Title Color","default":"#272727"},{"type":"color","id":"footer_link_df_text","label":"Text Color","default":"#787878"},{"type":"color","id":"footer_link_df_text_hover","label":"Text Hover Color","default":"#272727"},{"type":"color","id":"border_bootom_br_nl","label":"Border Bottom Newsletter","default":"#808284"},{"type":"header","content":"Footer Buttom"},{"type":"color","id":"back_footer_bt_df","label":"Backgroud","default":"#fae3ca"},{"type":"color","id":"footer_bottom_color_df","label":"Color","default":"#272727"}]},{"name":"Color (Footer Customs)","settings":[{"type":"color","id":"back_footer_bg","label":"Footer Background Color","default":"#f8f8f8"},{"type":"color","id":"border_footer_col","label":"Footer Border Color","default":"#dadada"},{"type":"header","content":"Footer Newsletter"},{"type":"color","id":"color_footer_title","label":"Title Color","default":"#323232"},{"type":"color","id":"color_newsletter_input","label":"Input Text Color","default":"#a0a0a0"},{"type":"color","id":"newsletter_input_bg","label":"Input Background Color","default":"#fff"},{"type":"color","id":"color_newsletter_input_border","label":"Input Border Color","default":"#c8c8c8","info":"================"},{"type":"color","id":"newsletter_button_bg","label":"Button Background Color","default":"#323232"},{"type":"color","id":"color_newsletter_button","label":"button Color","default":"#ffffff"},{"type":"header","content":"Footer Social"},{"type":"color","id":"footer_social","label":"icon Color","default":"#323232"},{"type":"color","id":"footer_social_border","label":"Border Color","default":"#c9c9c9"},{"type":"header","content":"Footer Policy"},{"type":"color","id":"footer_policy_text","label":"Text Policy Color","default":"#323232"},{"type":"color","id":"footer_policy_br","label":"Border","default":"#c8c8c8"},{"type":"header","content":"Footer Links"},{"type":"color","id":"footer_link_title","label":"Title Color","default":"#323232"},{"type":"color","id":"footer_link_br","label":"Border Color","default":"#dadada"},{"type":"color","id":"footer_link_text","label":"Text Color","default":"#646464"},{"type":"header","content":"Footer Buttom"},{"type":"color","id":"back_footer_bt","label":"Backgroud","default":"#323232"},{"type":"color","id":"footer_bottom_color","label":"Color","default":"#e0e0e0"}]},{"name":"Social media","settings":[{"type":"header","content":"Social sharing image"},{"type":"image_picker","id":"share_image","label":"Image","info":"Shown when sharing a link on social media. [Learn more](https:\/\/help.shopify.com\/manual\/using-themes\/troubleshooting\/showing-social-media-thumbnail-images\/) about image thumbnails."},{"type":"header","content":"Social accounts"},{"type":"text","id":"social_twitter_link","label":"Twitter","info":"https:\/\/twitter.com\/shopify"},{"type":"text","id":"social_facebook_link","label":"Facebook","info":"https:\/\/facebook.com\/shopify"},{"type":"text","id":"social_pinterest_link","label":"Pinterest","info":"https:\/\/pinterest.com\/shopify"},{"type":"text","id":"social_instagram_link","label":"Instagram","info":"http:\/\/instagram.com\/shopify"},{"type":"text","id":"social_tumblr_link","label":"Tumblr","info":"http:\/\/shopify.tumblr.com"},{"type":"text","id":"social_snapchat_link","label":"Snapchat","info":"https:\/\/www.snapchat.com\/add\/shopify"},{"type":"text","id":"social_youtube_link","label":"YouTube","info":"https:\/\/www.youtube.com\/shopify"},{"type":"text","id":"social_google_plus_link","label":"Google Plus"},{"type":"text","id":"social_vimeo_link","label":"Vimeo","info":"https:\/\/vimeo.com\/shopify"}]},{"name":"Get shipping estimates","settings":[{"type":"checkbox","id":"show_shipping_calculator","label":"Display shipping rates calculator","default":true},{"type":"text","id":"shipping_calculator_heading","label":"Heading","default":"SHIPPING"},{"type":"select","id":"shipping_calculator_default_country","label":"Shipping Rates Calculator default country selection","options":[{"value":"","label":"-- Please Select --"},{"value":"Vietnam","label":"Vietnam"},{"value":"Canada","label":"Canada"},{"value":"Australia","label":"Australia"},{"value":"Afghanistan","label":"Afghanistan"},{"value":"Aland Islands","label":"Aland Islands"},{"value":"Albania","label":"Albania"},{"value":"Algeria","label":"Algeria"},{"value":"Andorra","label":"Andorra"},{"value":"Angola","label":"Angola"},{"value":"Anguilla","label":"Anguilla"},{"value":"Antigua And Barbuda","label":"Antigua And Barbuda"},{"value":"Argentina","label":"Argentina"},{"value":"Armenia","label":"Armenia"},{"value":"Aruba","label":"Aruba"},{"value":"Austria","label":"Austria"},{"value":"Azerbaijan","label":"Azerbaijan"},{"value":"Bahamas","label":"Bahamas"},{"value":"Bahrain","label":"Bahrain"},{"value":"Bangladesh","label":"Bangladesh"},{"value":"Barbados","label":"Barbados"},{"value":"Belarus","label":"Belarus"},{"value":"Belgium","label":"Belgium"},{"value":"Belize","label":"Belize"},{"value":"Benin","label":"Benin"},{"value":"Bermuda","label":"Bermuda"},{"value":"Bhutan","label":"Bhutan"},{"value":"Bolivia","label":"Bolivia"},{"value":"Bosnia And Herzegovina","label":"Bosnia And Herzegovina"},{"value":"Botswana","label":"Botswana"},{"value":"Bouvet Island","label":"Bouvet Island"},{"value":"Brazil","label":"Brazil"},{"value":"British Indian Ocean Territory","label":"British Indian Ocean Territory"},{"value":"Brunei","label":"Brunei"},{"value":"Bulgaria","label":"Bulgaria"},{"value":"Burkina Faso","label":"Burkina Faso"},{"value":"Burma","label":"Burma"},{"value":"Burundi","label":"Burundi"},{"value":"Cambodia","label":"Cambodia"},{"value":"Cape Verde","label":"Cape Verde"},{"value":"Cayman Islands","label":"Cayman Islands"},{"value":"Central African Republic","label":"Central African Republic"},{"value":"Chad","label":"Chad"},{"value":"Chile","label":"Chile"},{"value":"China","label":"China"},{"value":"Christmas Island","label":"Christmas Island"},{"value":"Cocos (Keeling) Islands","label":"Cocos (Keeling) Islands"},{"value":"Colombia","label":"Colombia"},{"value":"Comoros","label":"Comoros"},{"value":"Congo","label":"Congo"},{"value":"Congo, The Democratic Republic Of The","label":"Congo, The Democratic Republic Of The"},{"value":"Cook Islands","label":"Cook Islands"},{"value":"Costa Rica","label":"Costa Rica"},{"value":"Croatia","label":"Croatia"},{"value":"Cuba","label":"Cuba"},{"value":"Curaçao","label":"Curaçao"},{"value":"Cyprus","label":"Cyprus"},{"value":"Czech Republic","label":"Czech Republic"},{"value":"Côte d'Ivoire","label":"Côte d'Ivoire"},{"value":"Denmark","label":"Denmark"},{"value":"Djibouti","label":"Djibouti"},{"value":"Dominica","label":"Dominica"},{"value":"Dominican Republic","label":"Dominican Republic"},{"value":"Ecuador","label":"Ecuador"},{"value":"Egypt","label":"Egypt"},{"value":"El Salvador","label":"El Salvador"},{"value":"Equatorial Guinea","label":"Equatorial Guinea"},{"value":"Eritrea","label":"Eritrea"},{"value":"Estonia","label":"Estonia"},{"value":"Ethiopia","label":"Ethiopia"},{"value":"Falkland Islands (Malvinas)","label":"Falkland Islands (Malvinas)"},{"value":"Faroe Islands","label":"Faroe Islands"},{"value":"Fiji","label":"Fiji"},{"value":"Finland","label":"Finland"},{"value":"France","label":"France"},{"value":"French Guiana","label":"French Guiana"},{"value":"French Polynesia","label":"French Polynesia"},{"value":"French Southern Territories","label":"French Southern Territories"},{"value":"Gabon","label":"Gabon"},{"value":"Gambia","label":"Gambia"},{"value":"Georgia","label":"Georgia"},{"value":"Germany","label":"Germany"},{"value":"Ghana","label":"Ghana"},{"value":"Gibraltar","label":"Gibraltar"},{"value":"Greece","label":"Greece"},{"value":"Greenland","label":"Greenland"},{"value":"Grenada","label":"Grenada"},{"value":"Guadeloupe","label":"Guadeloupe"},{"value":"Guatemala","label":"Guatemala"},{"value":"Guernsey","label":"Guernsey"},{"value":"Guinea","label":"Guinea"},{"value":"Guinea Bissau","label":"Guinea Bissau"},{"value":"Guyana","label":"Guyana"},{"value":"Haiti","label":"Haiti"},{"value":"Heard Island And Mcdonald Islands","label":"Heard Island And Mcdonald Islands"},{"value":"Holy See (Vatican City State)","label":"Holy See (Vatican City State)"},{"value":"Honduras","label":"Honduras"},{"value":"Hong Kong","label":"Hong Kong"},{"value":"Hungary","label":"Hungary"},{"value":"Iceland","label":"Iceland"},{"value":"India","label":"India"},{"value":"Indonesia","label":"Indonesia"},{"value":"Iran, Islamic Republic Of","label":"Iran, Islamic Republic Of"},{"value":"Iraq","label":"Iraq"},{"value":"Ireland","label":"Ireland"},{"value":"Isle Of Man","label":"Isle Of Man"},{"value":"Israel","label":"Israel"},{"value":"Italy","label":"Italy"},{"value":"Jamaica","label":"Jamaica"},{"value":"Japan","label":"Japan"},{"value":"Jersey","label":"Jersey"},{"value":"Jordan","label":"Jordan"},{"value":"Kazakhstan","label":"Kazakhstan"},{"value":"Kenya","label":"Kenya"},{"value":"Kiribati","label":"Kiribati"},{"value":"Korea, Democratic People's Republic Of","label":"Korea, Democratic People's Republic Of"},{"value":"Kosovo","label":"Kosovo"},{"value":"Kuwait","label":"Kuwait"},{"value":"Kyrgyzstan","label":"Kyrgyzstan"},{"value":"Lao People's Democratic Republic","label":"Lao People's Democratic Republic"},{"value":"Latvia","label":"Latvia"},{"value":"Lebanon","label":"Lebanon"},{"value":"Lesotho","label":"Lesotho"},{"value":"Liberia","label":"Liberia"},{"value":"Libyan Arab Jamahiriya","label":"Libyan Arab Jamahiriya"},{"value":"Liechtenstein","label":"Liechtenstein"},{"value":"Lithuania","label":"Lithuania"},{"value":"Luxembourg","label":"Luxembourg"},{"value":"Macao","label":"Macao"},{"value":"Macedonia, Republic Of","label":"Macedonia, Republic Of"},{"value":"Madagascar","label":"Madagascar"},{"value":"Malawi","label":"Malawi"},{"value":"Malaysia","label":"Malaysia"},{"value":"Maldives","label":"Maldives"},{"value":"Mali","label":"Mali"},{"value":"Malta","label":"Malta"},{"value":"Martinique","label":"Martinique"},{"value":"Mauritania","label":"Mauritania"},{"value":"Mauritius","label":"Mauritius"},{"value":"Mayotte","label":"Mayotte"},{"value":"Mexico","label":"Mexico"},{"value":"Moldova, Republic of","label":"Moldova, Republic of"},{"value":"Monaco","label":"Monaco"},{"value":"Mongolia","label":"Mongolia"},{"value":"Montenegro","label":"Montenegro"},{"value":"Montserrat","label":"Montserrat"},{"value":"Morocco","label":"Morocco"},{"value":"Mozambique","label":"Mozambique"},{"value":"Namibia","label":"Namibia"},{"value":"Nauru","label":"Nauru"},{"value":"Nepal","label":"Nepal"},{"value":"Netherlands","label":"Netherlands"},{"value":"Netherlands Antilles","label":"Netherlands Antilles"},{"value":"New Caledonia","label":"New Caledonia"},{"value":"New Zealand","label":"New Zealand"},{"value":"Nicaragua","label":"Nicaragua"},{"value":"Niger","label":"Niger"},{"value":"Nigeria","label":"Nigeria"},{"value":"Niue","label":"Niue"},{"value":"Norfolk Island","label":"Norfolk Island"},{"value":"Norway","label":"Norway"},{"value":"Oman","label":"Oman"},{"value":"Pakistan","label":"Pakistan"},{"value":"Palestinian Territory, Occupied","label":"Palestinian Territory, Occupied"},{"value":"Panama","label":"Panama"},{"value":"Papua New Guinea","label":"Papua New Guinea"},{"value":"Paraguay","label":"Paraguay"},{"value":"Peru","label":"Peru"},{"value":"Philippines","label":"Philippines"},{"value":"Pitcairn","label":"Pitcairn"},{"value":"Poland","label":"Poland"},{"value":"Portugal","label":"Portugal"},{"value":"Qatar","label":"Qatar"},{"value":"Republic of Cameroon","label":"Republic of Cameroon"},{"value":"Reunion","label":"Reunion"},{"value":"Romania","label":"Romania"},{"value":"Russia","label":"Russia"},{"value":"Rwanda","label":"Rwanda"},{"value":"Saint Barthélemy","label":"Saint Barthélemy"},{"value":"Saint Helena","label":"Saint Helena"},{"value":"Saint Kitts And Nevis","label":"Saint Kitts And Nevis"},{"value":"Saint Lucia","label":"Saint Lucia"},{"value":"Saint Martin","label":"Saint Martin"},{"value":"Saint Pierre And Miquelon","label":"Saint Pierre And Miquelon"},{"value":"Samoa","label":"Samoa"},{"value":"San Marino","label":"San Marino"},{"value":"Sao Tome And Principe","label":"Sao Tome And Principe"},{"value":"Saudi Arabia","label":"Saudi Arabia"},{"value":"Senegal","label":"Senegal"},{"value":"Serbia","label":"Serbia"},{"value":"Seychelles","label":"Seychelles"},{"value":"Sierra Leone","label":"Sierra Leone"},{"value":"Singapore","label":"Singapore"},{"value":"Slovakia","label":"Slovakia"},{"value":"Slovenia","label":"Slovenia"},{"value":"Solomon Islands","label":"Solomon Islands"},{"value":"Somalia","label":"Somalia"},{"value":"South Africa","label":"South Africa"},{"value":"South Georgia And The South Sandwich Islands","label":"South Georgia And The South Sandwich Islands"},{"value":"South Korea","label":"South Korea"},{"value":"Spain","label":"Spain"},{"value":"Sri Lanka","label":"Sri Lanka"},{"value":"St. Vincent","label":"St. Vincent"},{"value":"Sudan","label":"Sudan"},{"value":"Suriname","label":"Suriname"},{"value":"Svalbard And Jan Mayen","label":"Svalbard And Jan Mayen"},{"value":"Swaziland","label":"Swaziland"},{"value":"Sweden","label":"Sweden"},{"value":"Switzerland","label":"Switzerland"},{"value":"Syria","label":"Syria"},{"value":"Taiwan","label":"Taiwan"},{"value":"Tajikistan","label":"Tajikistan"},{"value":"Tanzania, United Republic Of","label":"Tanzania, United Republic Of"},{"value":"Thailand","label":"Thailand"},{"value":"Timor Leste","label":"Timor Leste"},{"value":"Togo","label":"Togo"},{"value":"Tokelau","label":"Tokelau"},{"value":"Tonga","label":"Tonga"},{"value":"Trinidad and Tobago","label":"Trinidad and Tobago"},{"value":"Tunisia","label":"Tunisia"},{"value":"Turkey","label":"Turkey"},{"value":"Turkmenistan","label":"Turkmenistan"},{"value":"Turks and Caicos Islands","label":"Turks and Caicos Islands"},{"value":"Tuvalu","label":"Tuvalu"},{"value":"Uganda","label":"Uganda"},{"value":"Ukraine","label":"Ukraine"},{"value":"United Arab Emirates","label":"United Arab Emirates"},{"value":"United Kingdom","label":"United Kingdom"},{"value":"United States","label":"United States"},{"value":"United States Minor Outlying Islands","label":"United States Minor Outlying Islands"},{"value":"Uruguay","label":"Uruguay"},{"value":"Uzbekistan","label":"Uzbekistan"},{"value":"Vanuatu","label":"Vanuatu"},{"value":"Venezuela","label":"Venezuela"},{"value":"Virgin Islands, British","label":"Virgin Islands, British"},{"value":"Wallis And Futuna","label":"Wallis And Futuna"},{"value":"Western Sahara","label":"Western Sahara"},{"value":"Yemen","label":"Yemen"},{"value":"Zambia","label":"Zambia"},{"value":"Zimbabwe","label":"Zimbabwe"}],"default":"Canada"},{"type":"paragraph","content":"If your customer is logged-in, the country in his default shipping address will be selected. If you are not sure about the spelling to use above, refer to your first checkout page."}]}]