{"sections":{"slideshow":{"type":"slideshow","blocks":{"slide-1":{"type":"image","settings":{}},"slide-2":{"type":"image","settings":{}}},"block_order":["slide-1","slide-2"],"settings":{}},"featured-collection":{"type":"featured-collection","settings":{}},"collection-list":{"type":"collection-list","blocks":{"collection-1":{"type":"collection","settings":{}},"collection-2":{"type":"collection","settings":{}},"collection-3":{"type":"collection","settings":{}},"collection-4":{"type":"collection","settings":{}},"collection-5":{"type":"collection","settings":{}},"collection-6":{"type":"collection","settings":{}}},"block_order":["collection-1","collection-2","collection-3","collection-4","collection-5","collection-6"],"settings":{}},"newsletter":{"type":"newsletter","settings":{}},"featured-product":{"type":"featured-product","blocks":{"product-meta":{"type":"product_meta","settings":{}},"featured-description":{"type":"featured_description","settings":{}},"variant-selector":{"type":"variant_selector","settings":{}},"buy-buttons":{"type":"buy_buttons","settings":{}}},"block_order":["product-meta","featured-description","variant-selector","buy-buttons"],"settings":{}},"blog-posts":{"type":"blog-posts","settings":{}},"text-with-icons":{"type":"text-with-icons","blocks":{"icon-1":{"type":"item","settings":{"icon":"bi-delivery","title":"Free delivery worldwide"}},"icon-2":{"type":"item","settings":{"icon":"bi-returns","title":"Satisfied or refunded"}},"icon-3":{"type":"item","settings":{"icon":"bi-customer-support","title":"Top-notch support"}},"icon-4":{"type":"item","settings":{"icon":"bi-secure-payment","title":"Secure payments"}}},"block_order":["icon-1","icon-2","icon-3","icon-4"],"settings":{}}},"order":["slideshow","featured-collection","collection-list","newsletter","featured-product","blog-posts","text-with-icons"]}