{"current":{"heading_color":"#1c1b1b","text_color":"#1c1b1b","text_light_color":"#6a6a6a","link_color":"#6a6a6a","background":"#efefef","light_background":"#ffffff","product_on_sale_color":"#f94c43","button_background":"#1c1b1b","button_text_color":"#ffffff","header_background":"#ffffff","header_heading_color":"#1c1b1b","header_light_color":"#6a6a6a","footer_background":"#ffffff","footer_heading_color":"#1c1b1b","footer_text_color":"#6a6a6a","navigation_background":"#1c1b1b","navigation_text_color":"#ffffff","newsletter_popup_background":"#1c1b1b","newsletter_popup_text_color":"#ffffff","secondary_elements_background":"#1c1b1b","secondary_elements_text_color":"#ffffff","heading_font":"montserrat_n5","heading_size":"small","uppercase_heading":true,"text_font":"nunito_sans_n4","base_text_font_size":14,"show_page_transition":false,"search_mode":"product,article","product_show_price_on_hover":false,"product_show_secondary_image":false,"product_info_alignment":"center","product_image_size":"natural","product_list_horizontal_spacing":"medium","product_list_vertical_spacing":"small","cart_type":"drawer","cart_enable_notes":true,"cart_show_free_shipping_threshold":false,"cart_free_shipping_threshold":"50","checkout_logo_position":"center","checkout_logo_size":"small","checkout_body_background_color":"#ffffff","checkout_input_background_color_mode":"white","checkout_sidebar_background_color":"#efefef","checkout_accent_color":"#1c1b1b","checkout_button_color":"#1c1b1b","sections":{"sidebar-menu":{"type":"sidebar-menu","settings":{"primary_menu":"main-menu","show_social_media":true}},"announcement":{"type":"announcement","settings":{"background":"#000000","text_color":"#ffffff","content":"Announce something here"}},"header":{"type":"header","settings":{"use_sticky_header":true,"logo_max_width":140,"navigation_menu":"main-menu","navigation_style":"inline","enable_transparent_header":true,"transparent_text_color":"#ffffff"}},"footer":{"type":"footer","blocks":{"footer-0":{"type":"text","settings":{"title":"About the shop","content":"<p>Use this text area to tell your customers about your brand and vision. You can change it in the theme settings.<\/p>","show_social_media":true}},"footer-1":{"type":"links","settings":{"menu":"footer"}},"footer-2":{"type":"newsletter","settings":{"title":"Newsletter","content":"<p>Subscribe to receive updates, access to exclusive deals, and more.<\/p>"}}},"block_order":["footer-0","footer-1","footer-2"],"settings":{"show_payment_methods":true}}}},"presets":{"Allure":{"heading_color":"#1c1b1b","text_color":"#1c1b1b","text_light_color":"#6a6a6a","link_color":"#6a6a6a","background":"#efefef","light_background":"#ffffff","product_on_sale_color":"#f94c43","button_background":"#1c1b1b","button_text_color":"#ffffff","header_background":"#ffffff","header_heading_color":"#1c1b1b","header_light_color":"#6a6a6a","footer_background":"#ffffff","footer_heading_color":"#1c1b1b","footer_text_color":"#6a6a6a","newsletter_popup_background":"#1c1b1b","newsletter_popup_text_color":"#ffffff","secondary_elements_background":"#1c1b1b","secondary_elements_text_color":"#ffffff","navigation_background":"#1c1b1b","navigation_text_color":"#ffffff","heading_font":"montserrat_n5","heading_size":"small","uppercase_heading":true,"text_font":"nunito_sans_n4","base_text_font_size":14,"show_page_transition":false,"search_mode":"product,article","product_show_price_on_hover":false,"product_show_secondary_image":false,"product_info_alignment":"center","product_image_size":"natural","product_list_horizontal_spacing":"medium","product_list_vertical_spacing":"small","cart_type":"drawer","cart_enable_notes":true,"cart_show_free_shipping_threshold":false,"cart_free_shipping_threshold":"50","checkout_logo_position":"center","checkout_logo_size":"small","checkout_body_background_color":"#ffffff","checkout_input_background_color_mode":"white","checkout_sidebar_background_color":"#efefef","checkout_accent_color":"#1c1b1b","checkout_button_color":"#1c1b1b","sections":{"sidebar-menu":{"type":"sidebar-menu","settings":{"primary_menu":"main-menu","show_social_media":true}},"announcement":{"type":"announcement","settings":{"background":"#000000","text_color":"#ffffff","content":"Announce something here"}},"header":{"type":"header","settings":{"use_sticky_header":true,"logo_max_width":140,"navigation_menu":"main-menu","navigation_style":"inline","enable_transparent_header":true,"transparent_text_color":"#ffffff"}},"footer":{"type":"footer","blocks":{"footer-0":{"type":"text","settings":{"title":"About the shop","content":"<p>Use this text area to tell your customers about your brand and vision. You can change it in the theme settings.<\/p>","show_social_media":true}},"footer-1":{"type":"links","settings":{"menu":"footer"}},"footer-2":{"type":"newsletter","settings":{"title":"Newsletter","content":"<p>Subscribe to receive updates, access to exclusive deals, and more.<\/p>"}}},"block_order":["footer-0","footer-1","footer-2"],"settings":{"show_payment_methods":true}}}},"Couture":{"heading_color":"#5c5c5c","text_color":"#5c5c5c","text_light_color":"#939393","link_color":"#323232","background":"#ffffff","light_background":"#ffffff","product_on_sale_color":"#f94c43","button_background":"#5c5c5c","button_text_color":"#ffffff","header_background":"#ffffff","header_heading_color":"#5c5c5c","header_light_color":"#939393","footer_background":"#ffffff","footer_heading_color":"#5c5c5c","footer_text_color":"#939393","newsletter_popup_background":"#ffffff","newsletter_popup_text_color":"#1c1b1b","secondary_elements_background":"#5c5c5c","secondary_elements_text_color":"#ffffff","navigation_background":"#ffffff","navigation_text_color":"#5c5c5c","heading_font":"futura_n4","heading_size":"large","uppercase_heading":false,"text_font":"century_gothic_n4","base_text_font_size":15,"show_page_transition":false,"search_mode":"product,article","product_show_price_on_hover":true,"product_show_secondary_image":false,"product_info_alignment":"left","product_image_size":"natural","product_list_horizontal_spacing":"small","product_list_vertical_spacing":"small","cart_type":"drawer","cart_enable_notes":true,"cart_show_free_shipping_threshold":false,"cart_free_shipping_threshold":"50","checkout_logo_position":"center","checkout_logo_size":"small","checkout_body_background_color":"#fff","checkout_input_background_color_mode":"white","checkout_sidebar_background_color":"#fafafa","checkout_accent_color":"#323232","checkout_button_color":"#5c5c5c","sections":{"sidebar-menu":{"type":"sidebar-menu","settings":{"primary_menu":"main-menu","show_social_media":true}},"announcement":{"type":"announcement","settings":{"background":"#f3f3f3","text_color":"#5c5c5c","content":"Announce something here"}},"header":{"type":"header","settings":{"use_sticky_header":true,"logo_max_width":140,"navigation_menu":"main-menu","navigation_style":"center","enable_transparent_header":true,"transparent_text_color":"#ffffff"}},"footer":{"type":"footer","blocks":{"footer-0":{"type":"text","settings":{"title":"About the shop","content":"<p>Use this text area to tell your customers about your brand and vision. You can change it in the theme settings.<\/p>","show_social_media":true}},"footer-1":{"type":"links","settings":{"menu":"footer"}},"footer-2":{"type":"newsletter","settings":{"title":"Newsletter","content":"<p>Subscribe to receive updates, access to exclusive deals, and more.<\/p>"}}},"block_order":["footer-0","footer-1","footer-2"],"settings":{"show_payment_methods":true}}}},"Vogue":{"heading_color":"#303030","text_color":"#303030","text_light_color":"#595959","link_color":"#000000","background":"#ffffff","light_background":"#ffffff","product_on_sale_color":"#f94c43","button_background":"#f5db8b","button_text_color":"#303030","header_background":"#ffffff","header_heading_color":"#303030","header_light_color":"#595959","footer_background":"#ffffff","footer_heading_color":"#303030","footer_text_color":"#595959","navigation_background":"#ffffff","navigation_text_color":"#303030","newsletter_popup_background":"#ffffff","newsletter_popup_text_color":"#303030","secondary_elements_background":"#fce7a8","secondary_elements_text_color":"#303030","heading_font":"din_neuzeit_grotesk_n3","heading_size":"small","uppercase_heading":true,"text_font":"futura_n4","base_text_font_size":14,"show_page_transition":false,"show_element_staggering":false,"search_mode":"product,article","product_show_price_on_hover":true,"product_show_secondary_image":false,"product_info_alignment":"center","product_image_size":"natural","product_list_horizontal_spacing":"medium","product_list_vertical_spacing":"small","cart_type":"drawer","cart_enable_notes":true,"cart_show_free_shipping_threshold":false,"cart_free_shipping_threshold":"50","checkout_logo_position":"left","checkout_logo_size":"medium","checkout_body_background_color":"#fff","checkout_input_background_color_mode":"white","checkout_sidebar_background_color":"#fafafa","checkout_accent_color":"#a17c5e","checkout_button_color":"#454545","sections":{"sidebar-menu":{"type":"sidebar-menu","settings":{"primary_menu":"main-menu","show_social_media":true}},"announcement":{"type":"announcement","settings":{"background":"#f1e4d8","text_color":"#343434","content":"Announce something here"}},"header":{"type":"header","settings":{"use_sticky_header":true,"logo_max_width":140,"navigation_menu":"main-menu","navigation_style":"inline","enable_transparent_header":true,"transparent_text_color":"#ffffff"}},"footer":{"type":"footer","blocks":{"footer-0":{"type":"text","settings":{"title":"About the shop","content":"<p>Use this text area to tell your customers about your brand and vision. You can change it in the theme settings.<\/p>","show_social_media":true}},"footer-1":{"type":"links","settings":{"menu":"footer"}},"footer-2":{"type":"newsletter","settings":{"title":"Newsletter","content":"<p>Subscribe to receive updates, access to exclusive deals, and more.<\/p>"}}},"block_order":["footer-0","footer-1","footer-2"],"settings":{"show_payment_methods":true}}}}}}