{"current":{"header_layout":"basic","layout_max_width":1600,"page_content_width":860,"product_card_border_radius":1,"container_border_radius":1,"button_border_radius":1,"form_border_radius":1,"color_header_background":"#ffffff","color_header_logo_text":"#192322","color_header_cart_count_background":"#192322","color_header_cart_count_text":"#e5e3de","color_header_shadow":"#ffffff","color_header_search_bar_background":"#ffffff","color_header_search_bar_border":"#d7d5cf","color_header_search_bar_text":"#413e39","color_header_search_bar_button_icon":"#192322","color_header_search_bar_button_background":"#ffffff","color_header_navigation_main_menu_text":"#192322","color_header_navigation_main_menu_text_hover":"#000000","color_header_navigation_secondary_menu_text":"#192322","color_header_navigation_secondary_menu_text_hover":"#000000","color_header_navigation_dropdown_menu_background":"#ffffff","color_header_navigation_dropdown_menu_links":"#192322","color_header_navigation_dropdown_menu_links_hover":"#000000","color_header_navigation_meganavigation_promo_text":"#192322","color_header_navigation_meganavigation_menu_headings":"#192322","color_header_navigation_mobile_submenu_background":"#faf9f7","color_text_headings":"#192322","color_text_regular_text":"#323c3b","color_text_light_text":"#626363","color_text_links":"#6a4b47","color_text_links_hover":"#140d0c","color_forms_input_placeholder_text":"#5b574e","color_forms_input_text":"#35332e","color_forms_input_background":"#ffffff","color_forms_input_border":"#d7d5cf","color_forms_selected_input":"#767573","color_buttons_primary_button_background":"#6e5c5a","color_buttons_primary_button_background_hover":"#675553","color_buttons_primary_button_text":"#ffffff","color_buttons_secondary_button_background":"rgba(0,0,0,0)","color_buttons_secondary_button_background_hover":"rgba(0,0,0,0)","color_buttons_secondary_button_border":"#6e5c5a","color_buttons_secondary_button_border_hover":"#675553","color_buttons_secondary_button_text":"#6e5c5a","color_buttons_secondary_button_text_hover":"#675553","color_buttons_sold_out_button_text":"#ffffff","color_buttons_sold_out_button_background":"#97938d","color_products_vendor_name":"#413e39","color_products_regular_price":"#413e39","color_products_compare_at_price":"#97938d","color_products_sale_price":"#6a332d","color_products_sale_badge_text":"#ffffff","color_products_sale_badge":"#6a332d","color_products_sold_out_badge_text":"#ffffff","color_products_sold_out_badge":"#97938d","color_products_product_gallery_active_thumbnail":"#767573","color_products_product_image_backgrounds":"rgba(0,0,0,0)","color_product_reviews_star_rating_border":"#d7d5cf","color_product_reviews_star_rating_active":"#35332e","color_product_cards_background":"#faf9f7","color_content_containers_background":"#ffffff","color_layout_site_background":"#f8f8f8","color_layout_secondary_backgrounds":"#ffffff","color_layout_dividers":"#d7d5cf","color_popups_background":"#ffffff","color_site_overlays_overlay":"#35332e","color_site_overlays_opacity":50,"color_footer_background":"#e5e3df","color_footer_headings":"#192322","color_footer_text":"#192322","color_footer_text_link":"#000000","color_footer_text_link_hover":"#000000","color_footer_menu_list_link":"#192322","color_footer_menu_list_link_hover":"#000000","color_footer_additional_menu_link":"#1f2323","color_footer_additional_menu_link_hover":"#000000","color_footer_copyright_text":"#1f2323","color_social_icons_social_sharing_icon_style":"inverted","color_social_icons_social_icon_style":"inverted","type_size_base":17,"type_heading":"plantin_n4","type_heading_custom":"","type_heading_size":114,"type_heading_capitalize":false,"type_heading_spacing":-2,"type_section":"plantin_n4","type_section_custom":"","type_section_heading_size":110,"type_section_capitalize":false,"type_section_spacing":-2,"type_section_subheading_size":114,"type_body":"itc_berkeley_old_style_n4","type_body_bold":"itc_berkeley_old_style_n7","type_body_enable_bold":true,"type_body_custom":"","type_body_underline_links":false,"type_body_spacing":-1.5,"type_menu":"plantin_n6","type_menu_custom":"","type_menu_size":112,"type_menu_capitalize":true,"type_menu_spacing":-1,"type_highlights_bar":"plantin_n4","type_highlights_bar_custom":"","type_highlights_size":106,"type_highlights_capitalize":true,"type_highlights_spacing":-2,"type_button":"karla_n4","type_button_custom":"","type_button_sizing":90,"type_button_capitalize":true,"type_button_spacing":2,"type_signpost":"karla_n4","type_signpost_custom":"","type_signpost_sizing":94,"type_product_price":"laurentian_i4","type_product_price_custom":"","type_product_vendor":"karla_n4","type_product_vendor_custom":"","type_product_capitalize":true,"type_product_vendor_spacing":1,"type_product_card_title":"plantin_n3","type_product_card_title_custom":"","type_product_card_size":114,"type_footer_heading":"plantin_n4","type_footer_heading_custom":"","type_footer_heading_size":94,"type_footer_heading_capitalize":false,"type_footer_heading_spacing":-2,"header_cart_icon":"icon-bag","product_show_vendor":false,"product_show_sku":false,"product_enable_recently_viewed_products":true,"product_option_style":"radio","product_sales_badge":true,"product_sales_badge_style":"text","product_ratings_reviews":false,"product_social_sharing":false,"product_slideshow_style":"natural","product_grid_column_space_desktop":40,"product_grid_row_space_desktop":60,"product_grid_column_space_mobile":15,"product_grid_row_space_mobile":30,"enable_product_card_spacing":true,"product_grid_show_second_image":true,"product_grid_emphasize_price":true,"product_grid_image_style":"natural","swatches_enable":false,"swatches_product_page_only":true,"swatches_swatch_trigger":"Color","swatches_shape":"circle","swatches_product_card_hover":"on-hover","swatches_sidebar_filter_style":"list","swatches_product_card_size":16,"swatches_product_page_size":19,"swatches_sidebar_filter_size":24,"swatches_custom_colors":"","product_grid_quick_shop":false,"product_grid_quick_buy":false,"quickshop_show_dcb":true,"quickshop_product_cart_redirect":false,"social_default_image":"","social_facebook":"","social_twitter":"","social_pinterest":"","social_instagram":"","social_tumblr":"","social_vimeo":"","social_youtube":"","social_linkedin":"","social_email":"","enable_currency_converter":true,"currency_display_format":"money_format","currency_converter_currencies":"INR GBP CAD USD AUD EUR JPY","currency_converter_default":"USD","enable_checkout_lock_icon":true,"custom_styles":"@media screen and (min-width: 720px) { \n#shopify-section-1556306537966 .featured-collection--container {\n    padding-top: 30px;\n    padding-bottom: 30px;\n}\n}\n\n.option-value-input:checked + .option-value-name {\n    color: #454f5b;\n    background-color: #c97781c7;\n    border-color: #C97781;\n}\n\n.option-value-input + .option-value-name {\n    display: inline-block;\n    width: auto;\n    padding: 11.5px 30px;\n    margin: 0 5px 10px 0;\n    cursor: pointer;\n}\n\n.option-value-input + .option-value-name {\n    font-family: Slate, sans-serif;\n    font-style: normal;\n    font-weight: 200;\n    font-size: 0.9375rem;\n    z-index: 1;\n    width: 100%;\n    padding: 0.9375rem 0.875rem 0.9375rem;\n    letter-spacing: 0em;\n    color: #212121;\n    background-color: white;\n    border: 1px solid  #C97781;\n    border-radius: 3px;\n}\n\n@media screen and (max-width: 859px) {\n.product-gallery, .product-form--alt, .product-main {\n    font-size: 0.9375rem;\n text-align: center;\n}}\n\n@media screen and (min-width: 859px) {\n.option-value-input + .option-value-name {\n    font-family: Slate, sans-serif;\n    font-style: normal;\n    font-weight: 200;\n    font-size: 0.9375rem;\n    z-index: 1;\n    width: 100%;\n    padding: 11.5px 30px;\n    letter-spacing: 0em;\n    color: #212121;\n    background-color: white;\n    border: 1px solid #C97781;\n    border-radius: 3px;\n}}\n\n.price--main {\n    color: #c97781;\n    font-weight: 600;\n}\n.flickity-button { display: none}\n\n@media screen and (max-width: 940px) {\n .announcement-bar-top {\n    letter-spacing: 0.1em;\n   font-size: 0.691rem !important;\n   line-height: 1.8;\n}\n}","custom_scripts_footer":"","custom_scripts_head":"","continue_shopping_url":"","continue_url_cart":true,"continue_url_404":true,"use_minified_js":true,"lazy_load":true,"enable_turbolinks":false,"preload_styles":"await_all_styles","font_display":"auto","font_family_override":false,"preconnect_facebook":false,"preconnect_google":false,"checkout_header_image":"","checkout_logo_image":"","checkout_logo_position":"left","checkout_logo_size":"medium","checkout_body_background_image":"","checkout_body_background_color":"#fff","checkout_input_background_color_mode":"white","checkout_sidebar_background_image":"","checkout_sidebar_background_color":"#fafafa","checkout_heading_font":"-apple-system, BlinkMacSystemFont, 'Segoe UI', Roboto, Helvetica, Arial, sans-serif, 'Apple Color Emoji', 'Segoe UI Emoji', 'Segoe UI Symbol'","checkout_body_font":"-apple-system, BlinkMacSystemFont, 'Segoe UI', Roboto, Helvetica, Arial, sans-serif, 'Apple Color Emoji', 'Segoe UI Emoji', 'Segoe UI Symbol'","checkout_accent_color":"#197bbd","checkout_button_color":"#197bbd","checkout_error_color":"#e32c2b","sections":{"static-header":{"type":"static-header","blocks":{"1554839628889":{"type":"meganav_images","settings":{"meganav_trigger":"","image_1":"","text_1":"","link_1":"","position_1":"first","size_1":"small","image_2":"","text_2":"","link_2":"","position_2":"first","size_2":"small"}}},"block_order":["1554839628889"],"settings":{"sticky_header":false,"full_width_header":true,"desktop_logo":"","desktop_logo_height":24,"mobile_logo":"","mobile_logo_height":30,"border_enabled":false,"border_width":1,"border_color":"#000000","enable_live_search":true,"live_search_content_types":"article,page,product","search_quick_links":"","menu":"main-menu","small_promo_heading":"","small_promo_text":"","small_promo_text_mobile":"","small_promo_link":"","small_promo_icon":"icon-delivery-alt","image":"","color_smallpromo_text":"#000000","color_smallpromo_icon":"#000000"}},"1555969484333":{"type":"dynamic-featured-collections","disabled":true,"blocks":{"1555969484333-1":{"type":"collection","settings":{"collection":"","title":"","title_mobile":""}},"1556144891461":{"type":"collection","settings":{"collection":"","title":"","title_mobile":""}}},"block_order":["1555969484333-1","1556144891461"],"settings":{"title":"Featured collections","subheading":"","heading_color":"#212121","subheading_color":"#4d4d4d","background_color":"#f2ece3","section_spacing_desktop":50,"section_spacing_mobile":10,"promo_title":"Promotion","text":"Use this section to promote a group of collections.","color":"#ffffff","block_link":"","button_text":"Button","button_style":"primary","text_alignment":"top-left","overlay_style":"none","overlay_color":"#000000","opacity":42,"collection_label_style":"heading","collection_text_alignment":"left"}},"static-footer":{"type":"static-footer","blocks":{"1556830983585":{"type":"social_accounts","settings":{}},"1554840343056":{"type":"menu","settings":{"menu":""}},"static-footer-0":{"type":"menu","settings":{"menu":"main-menu"}},"094ead18-23b0-4563-8073-e8ef61f1fb35":{"type":"rich_text","settings":{"title":"90-Day Money Back Guarantee","text":"<p>We offer a risk-free 90 day money-back guarantee on all Clioskin DIY Laser Hair Removal Handset. It&#x27;s that easy!<\/p>"}}},"block_order":["1556830983585","1554840343056","static-footer-0","094ead18-23b0-4563-8073-e8ef61f1fb35"],"settings":{"mobile_alignment":"centered","payment_icons":false,"additional_menu":"footer","small_text":""}},"1555973343999":{"type":"dynamic-highlights-banners","blocks":{"1575938284463":{"type":"highlight","settings":{"icon":"icon-wallet","title":"BUY NOW \/ PAY LATER","text":"<p>Buy Now, Pay later options available.<\/p>","link":""}},"1556229475886":{"type":"highlight","settings":{"icon":"icon-delivery","title":"Free shipping worldwide on all orders","text":"","link":""}},"1555973343999-1":{"type":"highlight","settings":{"icon":"icon-smile","title":"90 Day Money-Back Guarantee","text":"","link":""}}},"block_order":["1575938284463","1556229475886","1555973343999-1"],"settings":{"background_color":"#edc8cd","section_spacing_desktop":4,"section_spacing_mobile":16,"text_alignment":"center","heading_color":"#212121","color":"#212121","icon_color":"#212121","dividers_color":"#b95965","inner_background_color":"#edc8cd"}},"static-search":{"type":"static-search","settings":{"show_breadcrumbs":true,"results_per_page_range":24,"enable_search_articles_pages":true}},"1555971148754":{"type":"dynamic-blog-posts","disabled":true,"settings":{"title":"Blog posts","subheading":"","heading_color":"#212121","subheading_color":"#4d4d4d","background_color":"#f2ece3","section_spacing_desktop":50,"section_spacing_mobile":30,"blog":"","show_date":true,"show_author":false,"show_excerpt":true,"view_all_text":"See more posts","view_all_button_style":"primary"}},"1556306537966":{"type":"dynamic-featured-collection","disabled":true,"settings":{"title":"Featured collection","subheading":"","heading_color":"#212121","subheading_color":"#4d4d4d","background_color":"#f2ece3","section_spacing_desktop":0,"section_spacing_mobile":0,"collection":"","banner_color":"#212121"}},"1555971411073":{"type":"dynamic-instagram-feed","settings":{"title":"Instagram","subheading":"<p>@heyclioskin<\/p>","heading_color":"#212121","subheading_color":"#4d4d4d","background_color":"#ffffff","section_spacing_desktop":50,"section_spacing_mobile":30,"access_token":""}},"static-announcement":{"type":"static-announcement","settings":{"show_announcement":true,"homepage_announcement":false,"announcement_text":"20% OFF USE CODE : IPLPRO20","announcement_text_mobile":"","announcement_link":"","announcement_color":"#ffffff","announcement_background":"#b221ba"}},"static-blog":{"type":"static-blog","settings":{"show_rss_link":true,"show_date":true,"show_author":true,"show_excerpt":true,"featured_post":"","posts_per_page_range":6}},"1556047304740":{"type":"dynamic-newsletter","settings":{"title":"Newsletter","subheading":"<p>Join the club to receive discounts, freebies &amp; more<\/p>","heading_color":"#212121","subheading_color":"#212121","background_color":"#edc8cd","section_spacing_desktop":50,"section_spacing_mobile":50,"desktop_alignment":"left","mobile_alignment":"top"}},"1556580560778":{"type":"dynamic-highlights-banners","disabled":true,"blocks":{"1556580560778-1":{"type":"highlight","settings":{"icon":"icon-delivery","title":"Free shipping","text":"<p>When you spend $100+<\/p>","link":""}},"1556580560778-2":{"type":"highlight","settings":{"icon":"icon-cell-phone","title":"Give us a call","text":"<p>+1 (201) 555-5555<\/p>","link":""}},"1556580560778-3":{"type":"highlight","settings":{"icon":"icon-chat-alternate","title":"Chat with us","text":"<p>We offer 24-hour chat support<\/p>","link":""}},"1575936298234":{"type":"highlight","settings":{"icon":"icon-wallet","title":"BUY NOW \/ PAY LATER","text":"<p>Buy Now \/ Pay later with Sezzle<\/p>","link":""}}},"block_order":["1556580560778-1","1556580560778-2","1556580560778-3","1575936298234"],"settings":{"background_color":"#e7e1d7","section_spacing_desktop":36,"section_spacing_mobile":20,"text_alignment":"center","heading_color":"#212121","color":"#212121","icon_color":"#212121","dividers_color":"#d6cfc5","inner_background_color":"#e7e1d7"}},"1555995225078":{"type":"dynamic-video","disabled":true,"settings":{"title":"Video","subheading":"","heading_color":"#212121","subheading_color":"#4d4d4d","background_color":"rgba(0,0,0,0)","section_spacing_desktop":50,"section_spacing_mobile":30,"url":"https:\/\/www.youtube.com\/watch?v=_9VUPq3SxOc","show_caption":false,"caption":"<p>A short description of the video.<\/p>","autoplay":false,"aspect_ratio":"21-9","position":"top-center","show_overlay":false,"background":"#000000","opacity":20}},"static-product":{"type":"static-product","settings":{"show_breadcrumbs":true,"layout":"layout--two-col","enable_related_products":true,"enable_video_autoplay":true,"show_dcb":true,"product_cart_redirect":false}},"static-list-collections":{"type":"static-list-collections","settings":{"show_breadcrumbs":true}},"static-article":{"type":"static-article","settings":{"show_date":true,"show_author":true,"use_share_buttons":true}},"static-slideshow":{"type":"static-slideshow","blocks":{"static-slideshow-0":{"type":"slide","settings":{"title":"","text":"","color":"#ffffff","link":"","text_alignment":"center","button_one_label":"","button_one_link":"","button_one_style":"primary","button_two_label":"","button_two_link":"","button_two_style":"primary","overlay_style":"solid","overlay_color":"#000000","overlay_opacity":1}}},"block_order":["static-slideshow-0"],"settings":{"show_slideshow":true,"enable_autoplay":true,"autoplay_duration":8,"slideshow_height":"small"}},"static-collection":{"type":"static-collection","blocks":{"1554928859278":{"type":"menu","settings":{"menu":""}}},"block_order":["1554928859278"],"settings":{"show_breadcrumbs":true,"show_collection_image":false,"products_per_page_range":24,"pagination":"traditional","sort_by":true,"show_by":true,"grid_list":true,"show_sidebar":true,"filter_style":"groups","filter_limit":"6","filter_position":"above_menus","menu_depth_range":1}},"static-cart":{"type":"static-cart","settings":{"enable_order_notes":true,"enable_shipping_calc":true,"shipping_calc_default_country":"United States"}},"static-minimal-header":{"type":"static-minimal-header","blocks":{"1556742300890":{"type":"meganav_images","settings":{"meganav_trigger":"","text_1":"","link_1":"","position_1":"first","size_1":"small","text_2":"","link_2":"","position_2":"first","size_2":"small"}}},"block_order":["1556742300890"],"settings":{"sticky_header":true,"full_width_header":true,"header_logo_layout":"center","menu":"main-menu","desktop_logo_height":30,"mobile_logo_height":20,"border_enabled":true,"border_width":1,"border_color":"#eaeaea","enable_live_search":true,"live_search_content_types":"article,page,product","search_quick_links":""}},"1568309787531":{"type":"dynamic-rich-text","disabled":true,"blocks":{"1575937654632":{"type":"text","settings":{"title":"ALAMOUR THE LABEL","text":"<p>Australian Brand - Based in Brisbane, QLD, Australia <\/p><p><br\/>Stunning and undeniably sexy, Alamour The Label brings modern designer fashion together with timeless elegance. Created with the belief that sensuality is always in style, every single piece in our collection has been created to compliment and celebrate feminine confidence and complexity<\/p><p><\/p>","heading_size":"medium","text_alignment":"center"}}},"block_order":["1575937654632"],"settings":{"width":"wide","background_color":"#faf9f7","section_spacing_desktop":26,"section_spacing_mobile":14}},"top-bar":{"type":"top-bar","settings":{"show_announcement":false,"homepage_announcement":false,"announcement_text":"FREE SHIPPING TO","announcement_text_mobile":"","announcement_link":"","announcement_color":"#212121","announcement_background":"#edc8cd"}},"static-collection-promo-grid":{"type":"static-collection-promo-grid","blocks":{"static-collection-promo-grid-0":{"type":"promotion","settings":{"preheading":"Preheading","preheading_color":"#4d4d4d","title":"Grid","heading_color":"#4d4d4d","text":"Use this section to welcome customers to your store, say a bit about your brand, or share news.","text_color":"#4d4d4d","button_text":"","button_style":"primary","signpost_color":"#4d4d4d","text_alignment":"top-left","promo_width":"half-width","desktop_height":380,"mobile_height":270,"overlay_style":"none","background":"","opacity":50}},"static-collection-promo-grid-1":{"type":"promotion","settings":{"preheading":"Preheading","preheading_color":"#4d4d4d","title":"Grid","heading_color":"#4d4d4d","text":"Use this section to welcome customers to your store, say a bit about your brand, or share news.","text_color":"#4d4d4d","button_text":"","button_style":"primary","signpost_color":"#4d4d4d","text_alignment":"top-left","promo_width":"half-width","desktop_height":380,"mobile_height":270,"overlay_style":"none","background":"","opacity":50}}},"block_order":["static-collection-promo-grid-0","static-collection-promo-grid-1"],"settings":{"enable":false,"title":"Grid","subheading":"","heading_color":"#4d4d4d","subheading_color":"#4d4d4d","background_color":"","section_spacing_desktop":50,"section_spacing_mobile":36,"maintain_aspect_ratio":false,"compress_blocks":false}},"static-product-promo-grid":{"type":"static-product-promo-grid","blocks":{"static-product-promo-grid-0":{"type":"promotion","settings":{"preheading":"Preheading","preheading_color":"#4d4d4d","title":"Grid","heading_color":"#4d4d4d","text":"Use this section to welcome customers to your store, say a bit about your brand, or share news.","text_color":"#4d4d4d","button_text":"","button_style":"primary","signpost_color":"#4d4d4d","text_alignment":"top-left","promo_width":"half-width","desktop_height":380,"mobile_height":270,"overlay_style":"none","background":"","opacity":50}},"static-product-promo-grid-1":{"type":"promotion","settings":{"preheading":"Preheading","preheading_color":"#4d4d4d","title":"Grid","heading_color":"#4d4d4d","text":"Use this section to welcome customers to your store, say a bit about your brand, or share news.","text_color":"#4d4d4d","button_text":"","button_style":"primary","signpost_color":"#4d4d4d","text_alignment":"top-left","promo_width":"half-width","desktop_height":380,"mobile_height":270,"overlay_style":"none","background":"","opacity":50}}},"block_order":["static-product-promo-grid-0","static-product-promo-grid-1"],"settings":{"enable":false,"title":"Grid","subheading":"","heading_color":"#4d4d4d","subheading_color":"#4d4d4d","background_color":"","section_spacing_desktop":50,"section_spacing_mobile":36,"maintain_aspect_ratio":false,"compress_blocks":false}},"1575937499365":{"type":"dynamic-logo-list","disabled":true,"blocks":{"1575937499365-0":{"type":"logo","settings":{"link":""}},"1575937499365-1":{"type":"logo","settings":{"link":""}},"1575937499365-2":{"type":"logo","settings":{"link":""}},"1575937499365-3":{"type":"logo","settings":{"link":""}},"1575937554035":{"type":"logo","settings":{"link":""}},"1575937559919":{"type":"logo","settings":{"link":""}}},"block_order":["1575937499365-0","1575937499365-1","1575937499365-2","1575937499365-3","1575937554035","1575937559919"],"settings":{"title":"FEATURED IN","subheading":"","heading_color":"#4d4d4d","subheading_color":"#4d4d4d","background_color":"","section_spacing_desktop":50,"section_spacing_mobile":36}},"faq-page":{"type":"faq-page","blocks":{"3ae2c345-3a91-4b40-be3a-f61410a9e64e":{"type":"separator","settings":{"title":"FAQ'S"}},"cbac44ae-5b62-4647-85de-0836325fc882":{"type":"question","settings":{"title":"What is IPL?","answer":"<p><strong>IPL (Intense Pulsed Light) is a type of laser hair removal used for long-term hair and permanent removal<\/strong><\/p>"}},"036e4e0c-7529-46c2-bd27-0d42fa6132a2":{"type":"question","settings":{"title":"How does IPL work?","answer":"<p>Light energy from IPL is absorbed by the melanin in the hair, turns to heat and destroys the hair cells<\/p>"}},"b2bbbf18-4064-4cc4-826b-63fd13be94a7":{"type":"question","settings":{"title":"Is IPL safe?","answer":"<p>IPL is an extremely popular and safe method of hair removal at home and in clinics. Numerous studies have been undertaken to demonstrate the safety of IPL for hair removal.<\/p>"}},"f5372bf8-6159-42aa-aa7e-5661f35b0c09":{"type":"question","settings":{"title":"Is IPL painful?","answer":"<p>IPL is close to painless compared to other hair removal techniques. Customers describe it as more of a heat sensation rather than pain.<\/p>"}},"ecd77714-ac24-4611-81d7-416d84e7dba8":{"type":"question","settings":{"title":"Does IPL have any side effects?","answer":"<p>Side effects are rare when the handset is used as recommended in the user guide. Redness and swelling is the most common side effect from IPL, which will quickly subside after treatment.<\/p>"}},"b0ee3ccf-806a-4b1f-833a-15979b80c353":{"type":"question","settings":{"title":"I have epilepsy. Is IPL suitable for me?","answer":"<p>IPL will not be suitable for you if you have epilepsy<\/p>"}},"6eec5a4b-5f1b-4bfe-ae9e-4394a5290eeb":{"type":"question","settings":{"title":"Is it normal for there to be a burning smell when using my IPL handset?","answer":"<p>Yes, the burning smell is completely normal. Prior to using your device each time, the hair must be shaved. When you experience a slight burning smell this simply means there has been some hair left above the skin&#x27;s surface and the light energy is heating the hair.<\/p>"}},"64df9193-ca77-4fbe-a9eb-314a4500a16d":{"type":"question","settings":{"title":"How do I clean my IPL Handset?","answer":"<p>Cleaning of the handset is advised after each use. You can use an alcohol wipe, or any antibacterial product to clean down the handset and the light window after treatment. Ensure your handset is powered off, and not plugged in before doing so. You should then store the handset in a cool, dry place after use (once the handset is completely dry. Never immerse your handset or any of its parts in water.<\/p>"}},"06565bf3-19af-4950-a2d9-8e8d84df489e":{"type":"question","settings":{"title":"Do I need to wear eye protection?","answer":"<p>No, it is not necessary to wear eye protection while using our handset. Our handsets will not pulse unless it is pressed against your skin. Regardless, it is important not to look directly into the light<\/p>"}},"2fedec2d-b3c8-423c-8932-62e6c0502e46":{"type":"question","settings":{"title":"How long will it take before I start seeing results?","answer":"<p>On average, it takes 12 sessions for full results. Most customers are able to see a noticeable reduction of hair growth after just 3-4 weeks, with treatments done once a week. The hair will grow back more sparse and slower after each treatment eventually turning into a permanent reduction in hair growth. To maintain hairless smooth skin after that, use the handset once every 2 to 3 months for a touch up or as needed. Results and treatment length needed may vary from person to person.<\/p>"}},"cc137b78-219a-4a7d-b44b-b1f6a426adeb":{"type":"question","settings":{"title":"How often do I need to use it?","answer":"<p>We suggest using your IPL handset once a week for the first twelve weeks. After this period you can use it once a month, for 3 months or until you are satisfied with the results<\/p>"}},"57a40a60-94a4-4ac4-ba7e-be5bc1e980eb":{"type":"question","settings":{"title":"How many years will this product last?","answer":"<p> Clioskin&#x27;s IPLPRO handsets have 300,000 flashes, which will last well over 10 years if used accordingly<\/p>"}},"98226c6b-b1c4-4cf5-9729-45ac21ad19e0":{"type":"question","settings":{"title":"How strong is this product and what is the energy output?","answer":"<p>Clio handsets have an energy output of 4.9J\/cm2. This means it is ideal for hair removal and is approved for safe at home use<\/p>"}}},"block_order":["3ae2c345-3a91-4b40-be3a-f61410a9e64e","cbac44ae-5b62-4647-85de-0836325fc882","036e4e0c-7529-46c2-bd27-0d42fa6132a2","b2bbbf18-4064-4cc4-826b-63fd13be94a7","f5372bf8-6159-42aa-aa7e-5661f35b0c09","ecd77714-ac24-4611-81d7-416d84e7dba8","b0ee3ccf-806a-4b1f-833a-15979b80c353","6eec5a4b-5f1b-4bfe-ae9e-4394a5290eeb","64df9193-ca77-4fbe-a9eb-314a4500a16d","06565bf3-19af-4950-a2d9-8e8d84df489e","2fedec2d-b3c8-423c-8932-62e6c0502e46","cc137b78-219a-4a7d-b44b-b1f6a426adeb","57a40a60-94a4-4ac4-ba7e-be5bc1e980eb","98226c6b-b1c4-4cf5-9729-45ac21ad19e0"],"settings":{"expand_questions":false}},"16159668110f44987c":{"type":"dynamic-featured-product","settings":{"background_color":"rgba(0,0,0,0)","section_spacing_desktop":50,"section_spacing_mobile":36,"product":"clioskins-ipl-hair-removal-handset-the-iplpro","enable_video_autoplay":true,"show_description":false,"show_dcb":true,"product_cart_redirect":false}},"static-basic-header":{"type":"static-basic-header","settings":{"sticky_header":true,"full_width_header":false,"menu":"main-menu","desktop_logo_height":30,"desktop_logo_position":"left","mobile_logo_height":30,"mobile_logo_position":"center","border_enabled":false,"border_width":1,"border_color":"#000000","enable_live_search":true,"live_search_content_types":"article,page,product","search_quick_links":""}}},"content_for_index":["1555969484333","1555973343999","1555995225078","1556306537966","1555971148754","16159668110f44987c","1555971411073","1568309787531","1575937499365","1556047304740","1556580560778"]},"presets":{"Fashion":{"sections":{"static-header":{"type":"static-header","blocks":{"1554839628889":{"type":"meganav_images","settings":{}}},"block_order":["1554839628889"],"settings":{"sticky_header":false,"full_width_header":true,"desktop_logo_height":24,"small_promo_icon":"icon-delivery-alt","color_smallpromo_text":"#000000","color_smallpromo_icon":"#000000"}},"1556296768298":{"type":"dynamic-search","settings":{"heading_color":"#212121","subheading_color":"#212121","background_color":"#e7e1d7","section_spacing_mobile":50,"enable_live_search":true,"show-overlay":true,"background":"#fff9f0","opacity":25}},"1555969484333":{"type":"dynamic-featured-collections","blocks":{"1555969484333-1":{"type":"collection","settings":{}},"1556144891461":{"type":"collection","settings":{}}},"block_order":["1555969484333-1","1556144891461"],"settings":{"heading_color":"#212121","subheading_color":"#4d4d4d","background_color":"#f2ece3","section_spacing_mobile":10,"color":"#ffffff","text_alignment":"top-left","opacity":42}},"static-footer":{"type":"static-footer","blocks":{"1556830983585":{"type":"social_accounts","settings":{}},"1556673029169":{"type":"menu","settings":{}},"1554840343056":{"type":"menu","settings":{}},"static-footer-0":{"type":"menu","settings":{}},"1554840346810":{"type":"rich_text","settings":{}}},"block_order":["1556830983585","1556673029169","1554840343056","static-footer-0","1554840346810"],"settings":{"payment_icons":true}},"1556231275769":{"type":"dynamic-promo-grid","blocks":{"1556231275769-0":{"type":"promotion","settings":{"preheading_color":"#ffffff","heading_color":"#ffffff","text_color":"#ffffff","button_style":"primary_icon","signpost_color":"#ffffff","text_alignment":"bottom-left","background":"#000000","opacity":40}},"1556231275769-1":{"type":"promotion","settings":{"preheading_color":"#ffffff","heading_color":"#ffffff","text_color":"#ffffff","button_style":"primary_icon","signpost_color":"#ffffff","text_alignment":"bottom-left","background":"#000000","opacity":40}}},"block_order":["1556231275769-0","1556231275769-1"],"settings":{"heading_color":"#212121","subheading_color":"#4d4d4d","background_color":"#f2ece3","section_spacing_mobile":30}},"1555973343999":{"type":"dynamic-highlights-banners","blocks":{"1556229475886":{"type":"highlight","settings":{"icon":"icon-delivery","title":"Free shipping","text":"<p>When you spend $100+<\/p>"}},"1555973343999-1":{"type":"highlight","settings":{"icon":"icon-cell-phone","title":"Give us a call","text":"<p>+1 (201) 555-5555<\/p>"}},"1556582170398":{"type":"highlight","settings":{"icon":"icon-chat-alternate","title":"Chat with us","text":"<p>We offer 24-hour chat support<\/p>"}},"1555973343999-2":{"type":"highlight","settings":{"icon":"icon-pin","title":"Locations","text":"<p>Find a store near you<\/p>"}}},"block_order":["1556229475886","1555973343999-1","1556582170398","1555973343999-2"],"settings":{"background_color":"#e7e1d7","section_spacing_desktop":36,"section_spacing_mobile":20,"text_alignment":"center","heading_color":"#212121","color":"#212121","icon_color":"#212121","dividers_color":"#d6cfc5","inner_background_color":"#e7e1d7"}},"static-search":{"type":"static-search","settings":{}},"1556571237812":{"type":"dynamic-collection-list","blocks":{"1556571237812-1":{"type":"collection","settings":{}},"1556571237812-5":{"type":"collection","settings":{}},"1556571237812-2":{"type":"collection","settings":{}},"1556571924209":{"type":"collection","settings":{}},"1556571237812-4":{"type":"collection","settings":{}},"1556571732374":{"type":"collection","settings":{}},"1556571237812-0":{"type":"collection","settings":{}},"1556571237812-3":{"type":"collection","settings":{}},"1556571894314":{"type":"collection","settings":{}},"1556571786242":{"type":"collection","settings":{}}},"block_order":["1556571237812-1","1556571237812-5","1556571237812-2","1556571924209","1556571237812-4","1556571732374","1556571237812-0","1556571237812-3","1556571894314","1556571786242"],"settings":{"heading_color":"#212121","subheading_color":"#4d4d4d","background_color":"","section_spacing_mobile":30,"desktop_collections_per_row":5}},"1555971148754":{"type":"dynamic-blog-posts","settings":{"heading_color":"#212121","subheading_color":"#4d4d4d","background_color":"#f2ece3","section_spacing_mobile":30,"show_author":false}},"1556306537966":{"type":"dynamic-featured-collection","settings":{"heading_color":"#212121","subheading_color":"#4d4d4d","background_color":"#f2ece3","section_spacing_desktop":0,"section_spacing_mobile":0,"banner_color":"#212121"}},"1556227206266":{"type":"dynamic-collection-list","blocks":{"1556560534987":{"type":"collection","settings":{}},"1556227206266-2":{"type":"collection","settings":{}},"1556227206266-1":{"type":"collection","settings":{}},"1556560413239":{"type":"collection","settings":{}},"1556227206266-0":{"type":"collection","settings":{}},"1556560547671":{"type":"collection","settings":{}}},"block_order":["1556560534987","1556227206266-2","1556227206266-1","1556560413239","1556227206266-0","1556560547671"],"settings":{"heading_color":"#212121","subheading_color":"#4d4d4d","background_color":"","section_spacing_mobile":30,"layout_collection_max_width":1600,"desktop_collection_max_width":500,"mobile_collections_per_row":2}},"1555971411073":{"type":"dynamic-instagram-feed","settings":{"heading_color":"#212121","subheading_color":"#4d4d4d","background_color":"rgba(0,0,0,0)","section_spacing_mobile":30}},"static-announcement":{"type":"static-announcement","settings":{"show_announcement":false,"homepage_announcement":false,"announcement_background":"#000000"}},"static-blog":{"type":"static-blog","settings":{"posts_per_page_range":6}},"1555996299340":{"type":"dynamic-featured-collection","settings":{"heading_color":"#212121","subheading_color":"#4d4d4d","background_color":"#f2ece3","section_spacing_desktop":0,"section_spacing_mobile":0,"banner_color":"#212121"}},"1556047304740":{"type":"dynamic-newsletter","settings":{"heading_color":"#212121","subheading_color":"#212121","background_color":"#f2ece3","section_spacing_mobile":50}},"1556580560778":{"type":"dynamic-highlights-banners","blocks":{"1556580560778-1":{"type":"highlight","settings":{"icon":"icon-delivery","title":"Free shipping","text":"<p>When you spend $100+<\/p>"}},"1556580560778-2":{"type":"highlight","settings":{"icon":"icon-cell-phone","title":"Give us a call","text":"<p>+1 (201) 555-5555<\/p>"}},"1556580560778-3":{"type":"highlight","settings":{"icon":"icon-chat-alternate","title":"Chat with us","text":"<p>We offer 24-hour chat support<\/p>"}}},"block_order":["1556580560778-1","1556580560778-2","1556580560778-3"],"settings":{"background_color":"#e7e1d7","section_spacing_desktop":36,"section_spacing_mobile":20,"text_alignment":"center","heading_color":"#212121","color":"#212121","icon_color":"#212121","dividers_color":"#d6cfc5","inner_background_color":"#e7e1d7"}},"1555995225078":{"type":"dynamic-video","settings":{"heading_color":"#212121","subheading_color":"#4d4d4d","background_color":"rgba(0,0,0,0)","section_spacing_mobile":30,"show_caption":false,"autoplay":false,"aspect_ratio":"21-9","position":"top-center","show_overlay":false,"opacity":20}},"static-product":{"type":"static-product","settings":{"enable_related_products":true}},"static-list-collections":{"type":"static-list-collections","settings":{}},"static-article":{"type":"static-article","settings":{}},"static-slideshow":{"type":"static-slideshow","blocks":{"static-slideshow-0":{"type":"slide","settings":{"color":"#ffffff","text_alignment":"left"}},"static-slideshow-1":{"type":"slide","settings":{"color":"#ffffff"}}},"block_order":["static-slideshow-0","static-slideshow-1"],"settings":{"show_slideshow":false,"enable_autoplay":true}},"1556224484141":{"type":"dynamic-promo-grid","blocks":{"1556224484141-0":{"type":"promotion","settings":{"preheading_color":"#ffffff","heading_color":"#ffffff","text_color":"#ffffff","signpost_color":"#4d4d4d","text_alignment":"bottom-left","background":"#000000","opacity":40}},"1556224484141-1":{"type":"promotion","settings":{"preheading_color":"#ffffff","heading_color":"#ffffff","text_color":"#ffffff","signpost_color":"#4d4d4d","text_alignment":"bottom-left","background":"#000000","opacity":40}}},"block_order":["1556224484141-0","1556224484141-1"],"settings":{"heading_color":"#212121","subheading_color":"#4d4d4d","background_color":"#f2ece3","section_spacing_mobile":30}},"static-collection":{"type":"static-collection","blocks":{"1554928859278":{"type":"menu","settings":{}}},"block_order":["1554928859278"],"settings":{"show_collection_image":false,"pagination":"traditional","filter_style":"groups","filter_limit":"6"}},"static-cart":{"type":"static-cart","settings":{"enable_order_notes":true}},"static-minimal-header":{"type":"static-minimal-header","blocks":{"1556742300890":{"type":"meganav_images","settings":{}}},"block_order":["1556742300890"],"settings":{"sticky_header":false,"full_width_header":true,"header_logo_layout":"center","desktop_logo_height":22,"mobile_logo_height":20,"border_enabled":true,"border_color":"#eaeaea"}},"1568309787531":{"type":"dynamic-rich-text","settings":{"background_color":"#f2ece3","section_spacing_desktop":26,"section_spacing_mobile":14}},"1568309862447":{"type":"dynamic-rich-text","settings":{"background_color":"#f2ece3","section_spacing_desktop":26,"section_spacing_mobile":14}},"1568310923146":{"type":"dynamic-testimonials","blocks":{"1568310923146-0":{"type":"testimonial","settings":{}},"1568310923146-1":{"type":"testimonial","settings":{}},"1568310923146-2":{"type":"testimonial","settings":{}}},"block_order":["1568310923146-0","1568310923146-1","1568310923146-2"],"settings":{"title_color":"#212121","subtitle_color":"#212121","background_color":"#e7e1d7","spacing_mobile":30}}},"content_for_index":["1555969484333","1555973343999","1556227206266","1556224484141","1555996299340","1568309787531","1568310923146","1555995225078","1556231275769","1556306537966","1568309862447","1556296768298","1556571237812","1555971148754","1555971411073","1556047304740","1556580560778"],"header_layout":"minimal","layout_max_width":1600,"product_card_border_radius":3,"container_border_radius":3,"button_border_radius":3,"form_border_radius":3,"color_header_background":"#ffffff","color_header_logo_text":"#000000","color_header_cart_count_background":"#816339","color_header_search_bar_border":"#777777","color_header_search_bar_button_icon":"#000000","color_header_search_bar_button_background":"#ffffff","color_header_navigation_main_menu_text":"#212121","color_header_navigation_main_menu_text_hover":"#000000","color_header_navigation_secondary_menu_text":"#212121","color_header_navigation_secondary_menu_text_hover":"#000000","color_header_navigation_dropdown_menu_links":"#313131","color_header_navigation_dropdown_menu_links_hover":"#111111","color_header_navigation_meganavigation_promo_text":"#313131","color_header_navigation_meganavigation_menu_headings":"#313131","color_header_navigation_mobile_submenu_background":"#faf9f7","color_text_headings":"#212121","color_text_regular_text":"#111111","color_text_light_text":"#7c7873","color_text_links":"#816339","color_text_links_hover":"#664e2d","color_forms_input_placeholder_text":"#333333","color_forms_input_text":"#212121","color_forms_input_border":"#212121","color_forms_selected_input":"#212121","color_buttons_primary_button_background":"#000000","color_buttons_primary_button_background_hover":"#212121","color_buttons_primary_button_text":"#ffffff","color_buttons_secondary_button_background":"#997c54","color_buttons_secondary_button_background_hover":"#9e8057","color_buttons_secondary_button_border":"#997c54","color_buttons_secondary_button_border_hover":"#9e8057","color_buttons_secondary_button_text":"#ffffff","color_buttons_secondary_button_text_hover":"#ffffff","color_buttons_sold_out_button_text":"#ffffff","color_buttons_sold_out_button_background":"#000000","color_products_vendor_name":"#555555","color_products_regular_price":"#212121","color_products_compare_at_price":"#b4b4b4","color_products_sale_price":"#a12f18","color_products_sale_badge":"#a12f18","color_products_sold_out_badge":"#000000","color_products_product_gallery_active_thumbnail":"#d7d7d7","color_products_product_image_backgrounds":"#efefef","color_product_reviews_star_rating_border":"#7c7873","color_product_reviews_star_rating_active":"#000000","color_layout_secondary_backgrounds":"#fafafa","color_site_overlays_overlay":"#212121","color_footer_background":"#212121","color_footer_headings":"#ffffff","color_footer_text":"#ffffff","color_footer_text_link":"#c7b7a0","color_footer_text_link_hover":"#ede3d5","color_footer_menu_list_link":"#ffffff","color_footer_menu_list_link_hover":"#ede3d5","color_footer_additional_menu_link":"#ffffff","color_footer_additional_menu_link_hover":"#ede3d5","color_footer_copyright_text":"#999999","color_social_icons_social_sharing_icon_style":"inverted","type_size_base":15,"type_heading":"optima_nova_n6","type_heading_capitalize":false,"type_section":"optima_nova_n5","type_section_heading_size":92,"type_section_capitalize":false,"type_body":"slate_n2","type_body_enable_bold":true,"type_body_bold":"slate_n4","type_menu":"twentieth_century_n4","type_menu_capitalize":true,"type_menu_spacing":1,"type_highlights_bar":"twentieth_century_n5","type_highlights_size":104,"type_highlights_capitalize":true,"type_highlights_spacing":1,"type_button":"twentieth_century_n4","type_button_capitalize":true,"type_button_spacing":1,"type_product_price":"humanist_521_n2","type_product_vendor":"twentieth_century_n4","type_product_capitalize":true,"type_product_vendor_spacing":1,"type_product_card_title":"optima_nova_n3","type_product_card_size":104,"type_footer_heading":"optima_nova_n5","type_footer_heading_size":98,"type_footer_heading_capitalize":false,"header_cart_icon":"icon-bag","product_enable_recently_viewed_products":true,"product_grid_show_second_image":true,"product_grid_emphasize_price":false,"swatches_enable":false,"swatches_product_card_hover":"on-hover","swatches_product_card_size":16,"swatches_product_page_size":16,"swatches_sidebar_filter_size":24,"currency_display_format":"money_format","enable_turbolinks":false},"Tech":{"header_layout":"minimal","layout_max_width":1600,"color_header_background":"#211d6e","color_header_cart_count_text":"#000000","color_header_search_bar_button_icon":"#222222","color_header_search_bar_button_background":"#ffffff","color_header_navigation_main_menu_text_hover":"#e6e6ee","color_header_navigation_secondary_menu_text":"#e6e6ee","color_header_navigation_secondary_menu_text_hover":"#e6e6ee","color_header_navigation_dropdown_menu_links":"#333333","color_header_navigation_dropdown_menu_links_hover":"#5461ed","color_text_headings":"#161616","color_text_regular_text":"#444444","color_text_light_text":"#929292","color_text_links":"#5461ed","color_text_links_hover":"#3e4bd7","color_forms_input_placeholder_text":"#9d9eaf","color_forms_input_border":"#d3d4de","color_forms_selected_input":"#9d9eaf","color_buttons_primary_button_background":"#5461ed","color_buttons_primary_button_background_hover":"#4754e6","color_buttons_primary_button_text":"#ffffff","color_buttons_secondary_button_border":"#d3d4de","color_buttons_secondary_button_border_hover":"#c1c3cf","color_buttons_secondary_button_text":"#1d1e2e","color_buttons_secondary_button_text_hover":"#4754e6","color_buttons_sold_out_button_text":"#ffffff","color_buttons_sold_out_button_background":"#afa9b5","color_products_vendor_name":"#929292","color_products_regular_price":"#222222","color_products_sale_price":"#ee2054","color_products_sale_badge":"#ee2054","color_products_product_gallery_active_thumbnail":"#360060","color_product_reviews_star_rating_border":"#808080","color_product_reviews_star_rating_active":"#fba427","color_layout_site_background":"#f8f8f8","color_layout_secondary_backgrounds":"#f2f2f2","color_footer_background":"#f8f8f8","color_footer_text":"#666666","color_footer_text_link":"#5461ed","color_footer_text_link_hover":"#3e4bd7","color_footer_menu_list_link":"#666666","color_footer_menu_list_link_hover":"#5461ed","color_footer_additional_menu_link":"#707070","color_footer_additional_menu_link_hover":"#5461ed","color_footer_copyright_text":"#707070","color_social_icons_social_icon_style":"colored","type_size_base":15,"type_heading":"neue_plak_n7","type_heading_size":128,"type_heading_capitalize":false,"type_heading_spacing":-2,"type_section":"neue_plak_n7","type_section_heading_size":140,"type_section_capitalize":false,"type_section_spacing":-2,"type_body":"ibm_plex_sans_n4","type_body_enable_bold":true,"type_body_bold":"ibm_plex_sans_n6","type_menu":"neue_plak_n6","type_menu_size":110,"type_menu_capitalize":false,"type_highlights_bar":"neue_plak_n6","type_highlights_size":106,"type_highlights_capitalize":false,"type_button":"swiss_721_n7","type_button_sizing":96,"type_button_capitalize":false,"type_product_price":"ibm_plex_sans_n6","type_product_vendor":"neue_plak_n4","type_product_capitalize":false,"type_product_card_title":"neue_plak_n4","type_product_card_size":108,"type_footer_heading":"neue_plak_n6","type_footer_heading_size":92,"type_footer_heading_capitalize":true,"type_footer_heading_spacing":3,"product_enable_recently_viewed_products":true,"swatches_product_card_size":16,"swatches_product_page_size":16,"swatches_sidebar_filter_size":24,"currency_display_format":"money_format","enable_checkout_lock_icon":true,"enable_turbolinks":false,"sections":{"1556603794632":{"type":"dynamic-image-with-text-overlay","settings":{"section_height":"original","background_color":"#ffffff","content_position":"top-left","overlay_style":"none"}},"static-header":{"type":"static-header","settings":{}},"1556602809988":{"type":"dynamic-featured-collections","blocks":{"1556602809988-0":{"type":"collection","settings":{}},"1556602809988-1":{"type":"collection","settings":{}},"1556602809988-2":{"type":"collection","settings":{}},"1556602809988-3":{"type":"collection","settings":{}}},"block_order":["1556602809988-0","1556602809988-1","1556602809988-2","1556602809988-3"],"settings":{"heading_color":"#161616","subheading_color":"#4d4d4d","background_color":"","color":"#ffffff","button_style":"primary_icon","text_alignment":"top-center","collection_label_style":"body","collection_text_alignment":"center"}},"static-slideshow":{"type":"static-slideshow","blocks":{"1556910049270":{"type":"slide","settings":{"color":"#ffffff","text_alignment":"left","overlay_style":"gradient","overlay_color":"#0e0328","overlay_opacity":45}},"1556910466725":{"type":"slide","settings":{"color":"#ffffff","text_alignment":"left","overlay_style":"gradient","overlay_opacity":17}},"static-slideshow-0":{"type":"slide","settings":{"color":"#ffffff","text_alignment":"left","overlay_style":"gradient","overlay_color":"#7b818a","overlay_opacity":60}},"static-slideshow-1":{"type":"slide","settings":{"color":"#000000","text_alignment":"left","overlay_style":"none"}},"1556910209123":{"type":"slide","settings":{"color":"#ffffff","text_alignment":"left","overlay_style":"gradient","overlay_color":"#30344e"}}},"block_order":["1556910049270","1556910466725","static-slideshow-0","static-slideshow-1","1556910209123"],"settings":{"slideshow_height":"small"}},"static-blog":{"type":"static-blog","settings":{"show_author":false}},"1556643693789":{"type":"dynamic-search","settings":{"heading_color":"#161616","subheading_color":"#161616","background_color":"#ffffff","enable_live_search":false}},"1556512518668":{"type":"dynamic-collection-list","blocks":{"1556589488664":{"type":"collection","settings":{}},"1556589487732":{"type":"collection","settings":{}},"1556589464716":{"type":"collection","settings":{}},"1556589489678":{"type":"collection","settings":{}},"1556589492469":{"type":"collection","settings":{}},"1556589486831":{"type":"collection","settings":{}},"1556589459026":{"type":"collection","settings":{}},"1556589467085":{"type":"collection","settings":{}},"1556589475142":{"type":"collection","settings":{}},"1556589473556":{"type":"collection","settings":{}},"1556589469709":{"type":"collection","settings":{}},"1556589470745":{"type":"collection","settings":{}},"1556512518668-2":{"type":"collection","settings":{}},"1556512518668-3":{"type":"collection","settings":{}},"1556512518668-4":{"type":"collection","settings":{}},"1556512518668-5":{"type":"collection","settings":{}},"1556512518668-1":{"type":"collection","settings":{}},"1556512518668-0":{"type":"collection","settings":{}},"1556589468616":{"type":"collection","settings":{}},"1556589465760":{"type":"collection","settings":{}}},"block_order":["1556589488664","1556589487732","1556589464716","1556589489678","1556589492469","1556589486831","1556589459026","1556589467085","1556589475142","1556589473556","1556589469709","1556589470745","1556512518668-2","1556512518668-3","1556512518668-4","1556512518668-5","1556512518668-1","1556512518668-0","1556589468616","1556589465760"],"settings":{"heading_color":"#161616","subheading_color":"#4d4d4d","background_color":"","desktop_collections_per_row":5,"display_mobile_collections":"3"}},"static-announcement":{"type":"static-announcement","settings":{"show_announcement":false,"homepage_announcement":false,"announcement_background":"#020219"}},"1556643677939":{"type":"dynamic-highlights-banners","blocks":{"1568314147788":{"type":"highlight","settings":{"icon":"icon-delivery","title":"Free shipping","text":"<p>When you spend $100+<\/p>"}},"1556643677939-0":{"type":"highlight","settings":{"icon":"icon-cell-phone","title":"Give us a call","text":"<p>+1 (201) 555-5555<\/p>"}},"1556643677939-3":{"type":"highlight","settings":{"icon":"icon-chat-alternate","title":"Chat with us","text":"<p>We offer 24-hour chat support<\/p>"}},"1556643677939-2":{"type":"highlight","settings":{"icon":"icon-pin","title":"Locations","text":"<p>Find a store near you<\/p>"}}},"block_order":["1568314147788","1556643677939-0","1556643677939-3","1556643677939-2"],"settings":{"background_color":"#ffffff","section_spacing_desktop":36,"section_spacing_mobile":49,"text_alignment":"center","heading_color":"#161616","color":"#666666","icon_color":"#161616","inner_background_color":"#ffffff"}},"home-promo-grid":{"type":"dynamic-promo-grid","blocks":{"promo-grid-block-1":{"type":"promotion","settings":{"preheading_color":"#222222","heading_color":"#222222","text_color":"#222222","signpost_color":"#222222","background":""}},"promo-grid-block-4":{"type":"promotion","settings":{"preheading_color":"#ffffff","heading_color":"#ffffff","text_color":"#ffffff","signpost_color":"#ffffff","background":""}}},"block_order":["promo-grid-block-1","promo-grid-block-4"],"settings":{"heading_color":"#161616","subheading_color":"#4d4d4d","background_color":"#ffffff","section_spacing_desktop":26,"section_spacing_mobile":0,"maintain_aspect_ratio":true}},"1556664690988":{"type":"dynamic-twitter-feed","settings":{"heading_color":"#1c2629","subheading_color":"#4d4d4d","background_color":"#e3eaec"}},"1556757022066":{"type":"dynamic-menu-list","blocks":{"1556757022066-5":{"type":"menu","settings":{}},"1556757022066-3":{"type":"menu","settings":{}},"1556757022066-1":{"type":"menu","settings":{}},"1556757022066-2":{"type":"menu","settings":{}},"1556757022066-0":{"type":"menu","settings":{}},"1556757022066-4":{"type":"menu","settings":{}}},"block_order":["1556757022066-5","1556757022066-3","1556757022066-1","1556757022066-2","1556757022066-0","1556757022066-4"],"settings":{"heading_color":"#161616","subheading_color":"#4d4d4d","background_color":""}},"static-footer":{"type":"static-footer","blocks":{"1556650065157":{"type":"social_accounts","settings":{}},"1556650150937":{"type":"rich_text","settings":{}},"static-footer-0":{"type":"menu","settings":{}},"1556650068381":{"type":"menu","settings":{}},"static-footer-1":{"type":"newsletter","settings":{}}},"block_order":["1556650065157","1556650150937","static-footer-0","1556650068381","static-footer-1"],"settings":{"payment_icons":true}},"static-product":{"type":"static-product","settings":{}},"static-list-collections":{"type":"static-list-collections","settings":{}},"static-article":{"type":"static-article","settings":{"show_author":false}},"1556662210771":{"type":"dynamic-logo-list","blocks":{"1556662210771-0":{"type":"logo","settings":{}},"1556662210771-1":{"type":"logo","settings":{}},"1556662210771-3":{"type":"logo","settings":{}},"1556662210771-2":{"type":"logo","settings":{}},"1556662571958":{"type":"logo","settings":{}}},"block_order":["1556662210771-0","1556662210771-1","1556662210771-3","1556662210771-2","1556662571958"],"settings":{"heading_color":"#161616","subheading_color":"#4d4d4d","background_color":"#ffffff"}},"1556589355103":{"type":"dynamic-highlights-banners","blocks":{"1556589355103-0":{"type":"highlight","settings":{"icon":"icon-delivery","title":"Free shipping","text":"<p>When you spend $100+<\/p>"}},"1556589355103-1":{"type":"highlight","settings":{"icon":"icon-cell-phone","title":"Give us a call","text":"<p>+1 (201) 555-5555<\/p>"}},"1556589355103-2":{"type":"highlight","settings":{"icon":"icon-chat-alternate","title":"Chat with us","text":"<p>We offer 24-hour chat support<\/p>"}},"1556589355103-3":{"type":"highlight","settings":{"icon":"icon-pin","title":"Locations","text":"<p>Find a store near you<\/p>"}}},"block_order":["1556589355103-0","1556589355103-1","1556589355103-2","1556589355103-3"],"settings":{"background_color":"#ffffff","section_spacing_desktop":50,"section_spacing_mobile":40,"heading_color":"#5656ff","color":"#333333","icon_color":"#161616","inner_background_color":"#ffffff"}},"1556589499447":{"type":"dynamic-collection-list","blocks":{"1556589499447-4":{"type":"collection","settings":{}},"1556589499447-3":{"type":"collection","settings":{}},"1556589499447-2":{"type":"collection","settings":{}},"1556589499447-1":{"type":"collection","settings":{}},"1556589499447-5":{"type":"collection","settings":{}},"1556589499447-0":{"type":"collection","settings":{}}},"block_order":["1556589499447-4","1556589499447-3","1556589499447-2","1556589499447-1","1556589499447-5","1556589499447-0"],"settings":{"heading_color":"#161616","subheading_color":"#4d4d4d","background_color":"#ffffff","desktop_collections_per_row":6,"desktop_collection_width":"desktop-custom-width","layout_collection_max_width":1050,"desktop_collection_max_width":115,"mobile_collection_width":"mobile-custom-width","mobile_collection_max_width":85}},"1556512470674":{"type":"dynamic-featured-collections","blocks":{"1556512470674-0":{"type":"collection","settings":{}},"1556512470674-3":{"type":"collection","settings":{}},"1556512470674-1":{"type":"collection","settings":{}},"1556512470674-2":{"type":"collection","settings":{}}},"block_order":["1556512470674-0","1556512470674-3","1556512470674-1","1556512470674-2"],"settings":{"heading_color":"#161616","subheading_color":"#4d4d4d","background_color":"#e3eaec","color":"#222222","button_style":"primary_icon","text_alignment":"bottom-center","overlay_style":"gradient","overlay_color":"#e3eaec","opacity":81,"collection_label_style":"body","collection_text_alignment":"center"}},"static-collection":{"type":"static-collection","settings":{"show_collection_image":false,"filter_style":"groups","filter_limit":"10"}},"static-cart":{"type":"static-cart","settings":{}},"static-minimal-header":{"type":"static-minimal-header","blocks":{"1556649125486":{"type":"meganav_images","settings":{"position_1":"last","position_2":"last"}}},"block_order":["1556649125486"],"settings":{"header_logo_layout":"left","mobile_logo_height":26}},"1556553930952":{"type":"dynamic-image-with-text-overlay","settings":{"section_height":"original","background_color":"#a8afc0","content_position":"top-left","overlay_opacity":0}}},"content_for_index":["1556589499447","1556512470674","1556589355103","home-promo-grid","1556603794632","1556602809988","1556553930952","1556662210771","1556512518668","1556757022066","1556643693789","1556664690988","1556643677939"]},"Interior":{"sections":{"static-header":{"type":"static-header","blocks":{"1554839628889":{"type":"meganav_images","settings":{}}},"block_order":["1554839628889"],"settings":{"sticky_header":false,"full_width_header":true,"desktop_logo_height":24,"small_promo_icon":"icon-delivery-alt","color_smallpromo_text":"#000000","color_smallpromo_icon":"#000000"}},"static-footer":{"type":"static-footer","blocks":{"1567551502170":{"type":"social_accounts","settings":{}},"static-footer-1":{"type":"menu","settings":{}},"1567572112471":{"type":"menu","settings":{}},"1568042181795":{"type":"menu","settings":{}},"1567572152173":{"type":"rich_text","settings":{}}},"block_order":["1567551502170","static-footer-1","1567572112471","1568042181795","1567572152173"],"settings":{"mobile_alignment":"centered"}},"static-search":{"type":"static-search","settings":{"enable_search_articles_pages":false}},"static-announcement":{"type":"static-announcement","settings":{"show_announcement":false,"homepage_announcement":true,"announcement_color":"#192322","announcement_background":"#d7d5cf"}},"static-blog":{"type":"static-blog","settings":{"show_rss_link":false,"show_author":false,"posts_per_page_range":6}},"static-collection":{"type":"static-collection","blocks":{"1554928859278":{"type":"menu","settings":{}}},"block_order":["1554928859278"],"settings":{"show_collection_image":false,"pagination":"infinite_scroll","sort_by":false,"show_by":false,"grid_list":false,"show_sidebar":false,"filter_style":"groups","filter_limit":"8"}},"static-product":{"type":"static-product","settings":{"layout":"layout--two-col"}},"static-list-collections":{"type":"static-list-collections","settings":{}},"static-article":{"type":"static-article","settings":{"show_author":false,"use_share_buttons":false}},"static-slideshow":{"type":"static-slideshow","settings":{"show_slideshow":false}},"static-cart":{"type":"static-cart","settings":{"enable_shipping_calc":false}},"static-minimal-header":{"type":"static-minimal-header","settings":{"sticky_header":false,"full_width_header":true,"header_logo_layout":"center","desktop_logo_height":71,"mobile_logo_height":23,"border_color":"#e3e3e3"}},"1567548677751":{"type":"dynamic-image-with-text","blocks":{"1567548677751-0":{"type":"image_with_text","settings":{"img_position_desktop":"right","custom_height_desktop":300,"img_position_mobile":"bottom","img_height_mobile":"custom","custom_height_mobile":300,"content_background_color":"#192322","preheading_color":"#faf9f7","heading_color":"#d4c9b4","heading_size":"medium","text_content_color":"#ddddda","button_style":"signpost","signpost_color":"#e5e3df","text_alignment":"left"}},"1568152034400":{"type":"image_with_text","settings":{"img_width_desktop":57,"img_height_desktop":"custom","custom_height_desktop":800,"img_position_mobile":"bottom","img_height_mobile":"custom","content_background_color":"#192322","preheading_color":"#faf9f7","heading_color":"#d4c9b4","heading_size":"medium","text_content_color":"#ddddda","button_style":"signpost","signpost_color":"#e5e3df","text_alignment":"left"}},"1568152036505":{"type":"image_with_text","settings":{"img_position_desktop":"right","custom_height_desktop":300,"img_position_mobile":"bottom","img_height_mobile":"custom","custom_height_mobile":300,"content_background_color":"#192322","preheading_color":"#faf9f7","heading_color":"#d4c9b4","heading_size":"medium","text_content_color":"#ddddda","button_style":"signpost","signpost_color":"#e5e3df","text_alignment":"left"}}},"block_order":["1567548677751-0","1568152034400","1568152036505"],"settings":{"background_color":"#192322","heading_color":"#ddddda","subheading_color":"#ddddda","section_spacing_desktop":75,"content_spacing":30}},"1567572359875":{"type":"dynamic-rich-text","blocks":{"1568095810357":{"type":"page","settings":{"show_heading":false,"page":"intro"}}},"block_order":["1568095810357"],"settings":{"width":"wide","background_color":"#faf9f7","section_spacing_desktop":100}},"static-basic-header":{"type":"static-basic-header","settings":{"sticky_header":false,"full_width_header":true,"desktop_logo_height":90,"mobile_logo_height":60,"border_enabled":true,"border_width":2,"border_color":"#192322","live_search_content_types":"product"}},"1568052081263":{"type":"dynamic-promo-grid","blocks":{"1568052081263-0":{"type":"promotion","settings":{"signpost_color":"#4d4d4d","promo_width":"full-width","desktop_height":690,"background":""}}},"block_order":["1568052081263-0"],"settings":{"heading_color":"#192322","subheading_color":"#192322","background_color":"#faf9f7","section_spacing_desktop":0,"section_spacing_mobile":0}},"1568090897088":{"type":"dynamic-rich-text","settings":{"background_color":"#faf9f7","section_spacing_desktop":36}},"1568148056330":{"type":"dynamic-collection-list","blocks":{"1568154977946":{"type":"collection","settings":{}},"1568154947397":{"type":"collection","settings":{}},"1568148056330-2":{"type":"collection","settings":{}},"1568148056330-1":{"type":"collection","settings":{}},"1568148056330-3":{"type":"collection","settings":{}}},"block_order":["1568154977946","1568154947397","1568148056330-2","1568148056330-1","1568148056330-3"],"settings":{"heading_color":"#192322","subheading_color":"#192322","background_color":"#ffffff","section_spacing_desktop":10,"section_spacing_mobile":0,"desktop_collections_per_row":5,"layout_collection_max_width":1340,"mobile_collections_per_row":1,"mobile_collection_width":"mobile-custom-width","mobile_collection_max_width":280}},"1568152132050":{"type":"dynamic-blog-posts","settings":{"heading_color":"#192322","subheading_color":"#192322","background_color":"#ffffff","section_spacing_desktop":60,"section_spacing_mobile":60,"show_date":false,"show_author":false,"view_all_button_style":"secondary"}},"1568209488725":{"type":"dynamic-highlights-banners","blocks":{"1568209488725-0":{"type":"highlight","settings":{"icon":"icon-delivery","title":"Free shipping","text":"<p>When you spend $100+<\/p>"}},"1568209488725-1":{"type":"highlight","settings":{"icon":"icon-cell-phone","title":"Give us a call","text":"<p>+1 (201) 555-5555<\/p>"}},"1568209488725-2":{"type":"highlight","settings":{"icon":"icon-chat-alternate","title":"Chat with us","text":"<p>We offer 24-hour chat support<\/p>"}}},"block_order":["1568209488725-0","1568209488725-1","1568209488725-2"],"settings":{"background_color":"#faf9f7","section_spacing_desktop":36,"section_spacing_mobile":36,"text_alignment":"center","heading_color":"#192322","color":"#323c3b","icon_color":"#192322","dividers_color":"#485352","inner_background_color":"#faf9f7"}},"1568230849581":{"type":"dynamic-rich-text","blocks":{"1568230849581-0":{"type":"text","settings":{"text_alignment":"center"}}},"block_order":["1568230849581-0"],"settings":{"width":"wide","background_color":"#ffffff","section_spacing_mobile":52}},"1568232548312":{"type":"dynamic-rich-text","settings":{"background_color":"","section_spacing_desktop":4}},"1568233075721":{"type":"dynamic-rich-text","settings":{"background_color":"#192322","section_spacing_desktop":0,"section_spacing_mobile":16}},"static-password":{"type":"static-password","settings":{"desktop_logo_height":50,"mobile_logo_height":46,"enable_newsletter_signup":false}}},"content_for_index":["1567572359875","1568052081263","1568090897088","1568230849581","1568148056330","1568232548312","1567548677751","1568233075721","1568152132050","1568209488725"],"header_layout":"basic","layout_max_width":1600,"product_card_border_radius":1,"container_border_radius":1,"button_border_radius":1,"form_border_radius":1,"color_header_background":"#ffffff","color_header_logo_text":"#192322","color_header_cart_count_background":"#192322","color_header_cart_count_text":"#e5e3de","color_header_shadow":"#ffffff","color_header_search_bar_border":"#d7d5cf","color_header_search_bar_text":"#413e39","color_header_search_bar_button_icon":"#192322","color_header_search_bar_button_background":"#ffffff","color_header_navigation_main_menu_text":"#192322","color_header_navigation_main_menu_text_hover":"#000000","color_header_navigation_secondary_menu_text":"#192322","color_header_navigation_secondary_menu_text_hover":"#000000","color_header_navigation_dropdown_menu_links":"#192322","color_header_navigation_dropdown_menu_links_hover":"#000000","color_header_navigation_meganavigation_promo_text":"#192322","color_header_navigation_meganavigation_menu_headings":"#192322","color_header_navigation_mobile_submenu_background":"#faf9f7","color_text_headings":"#192322","color_text_regular_text":"#323c3b","color_text_light_text":"#626363","color_text_links":"#6a4b47","color_text_links_hover":"#140d0c","color_forms_input_placeholder_text":"#5b574e","color_forms_input_text":"#35332e","color_forms_input_border":"#d7d5cf","color_forms_selected_input":"#767573","color_buttons_primary_button_background":"#6e5c5a","color_buttons_primary_button_background_hover":"#675553","color_buttons_primary_button_text":"#ffffff","color_buttons_secondary_button_background":"rgba(0,0,0,0)","color_buttons_secondary_button_background_hover":"rgba(0,0,0,0)","color_buttons_secondary_button_border":"#6e5c5a","color_buttons_secondary_button_border_hover":"#675553","color_buttons_secondary_button_text":"#6e5c5a","color_buttons_secondary_button_text_hover":"#675553","color_buttons_sold_out_button_text":"#ffffff","color_buttons_sold_out_button_background":"#97938d","color_products_vendor_name":"#413e39","color_products_regular_price":"#413e39","color_products_compare_at_price":"#97938d","color_products_sale_price":"#6a332d","color_products_sale_badge":"#6a332d","color_products_sold_out_badge":"#97938d","color_products_product_gallery_active_thumbnail":"#767573","color_product_reviews_star_rating_border":"#d7d5cf","color_product_reviews_star_rating_active":"#35332e","color_product_cards_background":"#faf9f7","color_layout_secondary_backgrounds":"#ffffff","color_layout_dividers":"#d7d5cf","color_site_overlays_overlay":"#35332e","color_footer_background":"#e5e3df","color_footer_headings":"#192322","color_footer_text":"#192322","color_footer_text_link":"#000000","color_footer_text_link_hover":"#000000","color_footer_menu_list_link":"#192322","color_footer_menu_list_link_hover":"#000000","color_footer_additional_menu_link":"#1f2323","color_footer_additional_menu_link_hover":"#000000","color_footer_copyright_text":"#1f2323","color_social_icons_social_sharing_icon_style":"inverted","color_social_icons_social_icon_style":"inverted","type_size_base":17,"type_heading":"plantin_n4","type_heading_size":114,"type_heading_capitalize":false,"type_section":"plantin_n4","type_section_heading_size":110,"type_section_capitalize":false,"type_body":"itc_berkeley_old_style_n4","type_body_enable_bold":true,"type_body_bold":"itc_berkeley_old_style_n7","type_menu":"plantin_n6","type_menu_size":112,"type_menu_capitalize":false,"type_menu_spacing":-1,"type_highlights_bar":"plantin_n4","type_highlights_size":106,"type_highlights_capitalize":false,"type_button":"karla_n4","type_button_sizing":90,"type_button_capitalize":true,"type_button_spacing":2,"type_signpost":"karla_n4","type_signpost_sizing":94,"type_product_price":"laurentian_i4","type_product_vendor":"karla_n4","type_product_capitalize":true,"type_product_vendor_spacing":1,"type_product_card_title":"plantin_n3","type_product_card_size":114,"type_footer_heading":"plantin_n4","type_footer_heading_size":94,"type_footer_heading_capitalize":false,"header_cart_icon":"icon-bag","product_show_vendor":false,"product_option_style":"radio","product_sales_badge":false,"product_sales_badge_style":"text","product_ratings_reviews":false,"product_social_sharing":false,"product_grid_emphasize_price":false,"swatches_shape":"circle","swatches_product_card_hover":"on-hover","swatches_product_card_size":16,"swatches_product_page_size":19,"swatches_sidebar_filter_size":24,"product_grid_quick_shop":false,"product_grid_quick_buy":false,"quickshop_show_dcb":false,"quickshop_product_cart_redirect":true,"enable_currency_converter":false,"currency_display_format":"money_format","enable_turbolinks":false},"Agency":{"header_layout":"basic","layout_max_width":1300,"page_content_width":860,"container_border_radius":5,"button_border_radius":5,"form_border_radius":5,"color_header_background":"#ffffff","color_header_logo_text":"#2959d2","color_header_cart_count_background":"#2959d2","color_header_search_bar_border":"#d6d9dc","color_header_search_bar_text":"#8a8f94","color_header_search_bar_button_icon":"#15171d","color_header_search_bar_button_background":"#ffffff","color_header_navigation_main_menu_text":"#15171e","color_header_navigation_main_menu_text_hover":"#15171e","color_header_navigation_secondary_menu_text":"#15171e","color_header_navigation_secondary_menu_text_hover":"#15171e","color_header_navigation_dropdown_menu_links":"#15171e","color_header_navigation_dropdown_menu_links_hover":"#15171e","color_header_navigation_meganavigation_promo_text":"#15171e","color_header_navigation_meganavigation_menu_headings":"#15171e","color_header_navigation_mobile_submenu_background":"#faf9f7","color_text_headings":"#15171e","color_text_regular_text":"#15171e","color_text_light_text":"#808289","color_text_links":"#2858d1","color_text_links_hover":"#2858d1","color_forms_input_placeholder_text":"#8a8f94","color_forms_input_text":"#15171e","color_forms_input_border":"#d6d9dc","color_forms_selected_input":"#15171e","color_buttons_primary_button_background":"#2858d1","color_buttons_primary_button_background_hover":"#244fbc","color_buttons_primary_button_text":"#ffffff","color_buttons_secondary_button_border":"#d6d9dc","color_buttons_secondary_button_border_hover":"#d6d9dc","color_buttons_secondary_button_text":"#2858d1","color_buttons_secondary_button_text_hover":"#2858d1","color_buttons_sold_out_button_text":"#ffffff","color_buttons_sold_out_button_background":"#000000","color_products_vendor_name":"#808289","color_products_regular_price":"#15171e","color_products_compare_at_price":"#8f939b","color_products_sale_price":"#e43b36","color_products_sale_badge":"#e43b36","color_products_sold_out_badge":"#15171e","color_products_product_gallery_active_thumbnail":"#eaeaea","color_products_product_image_backgrounds":"rgba(0,0,0,0)","color_product_reviews_star_rating_border":"#808289","color_product_reviews_star_rating_active":"#15171e","color_layout_secondary_backgrounds":"#fafafa","color_site_overlays_overlay":"#15171e","color_footer_background":"#ffffff","color_footer_headings":"#15171e","color_footer_text":"#15171e","color_footer_text_link":"#15171e","color_footer_text_link_hover":"#2858d1","color_footer_menu_list_link":"#15171e","color_footer_menu_list_link_hover":"#2858d1","color_footer_additional_menu_link":"#8f939b","color_footer_additional_menu_link_hover":"#2858d1","color_footer_copyright_text":"#8f939b","color_social_icons_social_sharing_icon_style":"dark-light","type_size_base":18,"type_heading":"poppins_n6","type_heading_size":140,"type_heading_capitalize":false,"type_heading_spacing":-2,"type_section":"poppins_n4","type_section_heading_size":140,"type_section_capitalize":false,"type_section_spacing":-2,"type_section_subheading_size":114,"type_body":"roboto_n3","type_body_bold":"roboto_n5","type_body_enable_bold":false,"type_body_underline_links":true,"type_body_spacing":-1.5,"type_menu":"roboto_n4","type_menu_size":110,"type_menu_capitalize":false,"type_menu_spacing":-2,"type_highlights_bar":"poppins_n4","type_highlights_size":104,"type_highlights_capitalize":true,"type_highlights_spacing":-2,"type_button":"roboto_n4","type_button_sizing":86,"type_button_capitalize":false,"type_button_spacing":-2,"type_signpost":"roboto_n4","type_product_price":"poppins_n4","type_product_vendor":"poppins_n4","type_product_capitalize":true,"type_product_vendor_spacing":-1,"type_product_card_title":"poppins_n4","type_product_card_size":120,"type_footer_heading":"roboto_n5","type_footer_heading_size":88,"type_footer_heading_capitalize":false,"type_footer_heading_spacing":-2,"header_cart_icon":"icon-bag","product_show_vendor":false,"product_social_sharing":false,"product_grid_column_space_desktop":40,"product_grid_row_space_desktop":60,"product_grid_column_space_mobile":15,"product_grid_row_space_mobile":30,"enable_product_card_spacing":false,"product_grid_emphasize_price":false,"swatches_shape":"circle","swatches_sidebar_filter_style":"list","swatches_product_card_size":16,"swatches_product_page_size":16,"swatches_sidebar_filter_size":24,"product_grid_quick_shop":false,"product_grid_quick_buy":false,"enable_currency_converter":false,"currency_display_format":"money_format","continue_url_cart":false,"continue_url_404":false,"enable_turbolinks":false,"sections":{"static-header":{"type":"static-header","blocks":{"1554839628889":{"type":"meganav_images","settings":{}}},"block_order":["1554839628889"],"settings":{"full_width_header":true,"desktop_logo_height":40,"small_promo_icon":"icon-delivery","color_smallpromo_text":"#000000","color_smallpromo_icon":"#000000"}},"static-footer":{"type":"static-footer","blocks":{"static-footer-1":{"type":"menu","settings":{}},"1563816801803":{"type":"menu","settings":{}},"1563816806952":{"type":"menu","settings":{}},"static-footer-2":{"type":"newsletter","settings":{}},"1564173046372":{"type":"social_accounts","settings":{}}},"block_order":["static-footer-1","1563816801803","1563816806952","static-footer-2","1564173046372"],"settings":{}},"static-search":{"type":"static-search","settings":{}},"static-announcement":{"type":"static-announcement","settings":{"show_announcement":false,"homepage_announcement":false,"announcement_background":"#0b24fb"}},"static-blog":{"type":"static-blog","settings":{"show_rss_link":false,"show_author":false,"posts_per_page_range":12}},"static-collection":{"type":"static-collection","settings":{"show_breadcrumbs":false,"show_collection_image":false,"pagination":"infinite_scroll","sort_by":false,"show_by":false,"grid_list":false,"show_sidebar":false,"filter_limit":"6"}},"static-product":{"type":"static-product","settings":{"show_breadcrumbs":false,"layout":"layout--two-col-medium","enable_related_products":true,"show_dcb":false}},"static-list-collections":{"type":"static-list-collections","settings":{"show_breadcrumbs":false}},"static-article":{"type":"static-article","settings":{}},"static-slideshow":{"type":"static-slideshow","settings":{"show_slideshow":false,"slideshow_height":"original"}},"static-cart":{"type":"static-cart","settings":{"enable_order_notes":true}},"static-minimal-header":{"type":"static-minimal-header","settings":{"header_logo_layout":"center","desktop_logo_height":37,"mobile_logo_height":23,"border_color":"#e3e3e3"}},"1564163648447":{"type":"dynamic-promo-grid","blocks":{"1564163648447-0":{"type":"promotion","settings":{"preheading_color":"#888888","heading_color":"#ffffff","text_color":"#ffffff","button_style":"signpost","signpost_color":"#fad7bc","text_alignment":"top-center","desktop_height":650,"mobile_height":510,"background":""}},"1564163648447-1":{"type":"promotion","settings":{"preheading_color":"#858da9","heading_color":"#15171e","text_color":"#15171e","button_style":"signpost","signpost_color":"#3d63c4","text_alignment":"top-center","desktop_height":650,"mobile_height":510,"background":"","opacity":45}}},"block_order":["1564163648447-0","1564163648447-1"],"settings":{"title":"","heading_color":"#000000","subheading_color":"#000000","background_color":"","section_spacing_desktop":10,"section_spacing_mobile":5}},"static-basic-header":{"type":"static-basic-header","settings":{"desktop_logo_height":40,"desktop_logo_position":"left","mobile_logo_height":32,"mobile_logo_position":"left"}},"1568741732941":{"type":"dynamic-image-with-text","blocks":{"1568742715505":{"type":"image_with_text","settings":{"img_position_desktop":"right","img_width_desktop":68,"custom_height_desktop":800,"img_position_mobile":"bottom","custom_height_mobile":300,"content_background_color":"#f2f4f5","preheading_color":"#15171e","heading_color":"#15171e","heading_size":"xlarge","text_content_color":"#8f939b","button_style":"primary","signpost_color":"#15171e","text_alignment":"left"}}},"block_order":["1568742715505"],"settings":{"heading":"","background_color":"#ffffff","heading_color":"#000000","subheading_color":"#000000","section_spacing_desktop":10,"section_spacing_mobile":5,"content_spacing":20}},"1568743806470":{"type":"dynamic-testimonials","blocks":{"1568743806470-1":{"type":"testimonial","settings":{}}},"block_order":["1568743806470-1"],"settings":{"title":"","title_color":"#15171e","subtitle_color":"#15171e","background_color":"","spacing_desktop":10,"spacing_mobile":0}},"1568745009488":{"type":"dynamic-image-with-text","blocks":{"1568745009488-0":{"type":"image_with_text","settings":{"img_position_desktop":"right","img_width_desktop":58,"img_position_mobile":"bottom","preheading_color":"#15171e","heading_color":"#15171e","text_content_color":"#8f939b","button_style":"signpost","signpost_color":"#2858d1","text_alignment":"left"}},"1568745009488-1":{"type":"image_with_text","settings":{"img_width_desktop":58,"img_position_mobile":"bottom","preheading_color":"#15171e","heading_color":"#15171e","text_content_color":"#8f939b","button_style":"signpost","signpost_color":"#2858d1","text_alignment":"left"}},"1568745316169":{"type":"image_with_text","settings":{"img_position_desktop":"right","img_width_desktop":58,"img_position_mobile":"bottom","preheading_color":"#15171e","heading_color":"#15171e","text_content_color":"#8f939b","button_style":"signpost","signpost_color":"#2858d1","text_alignment":"left"}}},"block_order":["1568745009488-0","1568745009488-1","1568745316169"],"settings":{"heading":"","background_color":"","heading_color":"#000000","subheading_color":"#000000","section_spacing_desktop":10,"section_spacing_mobile":5,"content_spacing":20}},"static-collection-promo-grid":{"type":"static-collection-promo-grid","blocks":{"static-collection-promo-grid-0":{"type":"promotion","settings":{"preheading_color":"#15171e","heading_color":"#15171e","text_color":"#15171e","button_style":"signpost","signpost_color":"#b8630b","text_alignment":"top-center","desktop_height":580,"mobile_height":560,"background":""}},"static-collection-promo-grid-1":{"type":"promotion","settings":{"preheading_color":"#15171e","heading_color":"#15171e","text_color":"#15171e","button_style":"signpost","signpost_color":"#2757d1","text_alignment":"top-center","desktop_height":580,"mobile_height":560,"background":""}}},"block_order":["static-collection-promo-grid-0","static-collection-promo-grid-1"],"settings":{"enable":true,"heading_color":"#15171e","subheading_color":"#8f939b","background_color":""}},"static-product-promo-grid":{"type":"static-product-promo-grid","blocks":{"static-product-promo-grid-0":{"type":"promotion","settings":{"button_style":"signpost","text_alignment":"top-center","desktop_height":580,"mobile_height":540,"background":""}},"1568938740569":{"type":"promotion","settings":{"button_style":"signpost","text_alignment":"top-center","desktop_height":580,"mobile_height":540,"background":""}}},"block_order":["static-product-promo-grid-0","1568938740569"],"settings":{"enable":true,"heading_color":"#15171e","subheading_color":"#8f939b","background_color":"","section_spacing_desktop":36}},"1568920358808":{"type":"dynamic-promo-grid","blocks":{"1568920358808-1":{"type":"promotion","settings":{"button_style":"signpost","text_alignment":"top-center","desktop_height":580,"mobile_height":560,"background":""}},"1568920358808-2":{"type":"promotion","settings":{"button_style":"signpost","text_alignment":"top-center","desktop_height":580,"mobile_height":560,"background":""}}},"block_order":["1568920358808-1","1568920358808-2"],"settings":{"title":"","heading_color":"#15171e","subheading_color":"#8f939b","background_color":"","section_spacing_desktop":10,"section_spacing_mobile":5}},"static-password":{"type":"static-password","settings":{"mobile_logo_height":26,"enable_newsletter_signup":false,"show_social_icons":false}},"static-collection-minimal":{"type":"static-collection-minimal","blocks":{"1569251306052":{"type":"image-with-text","settings":{"block_spacing_desktop":50,"block_spacing_mobile":36,"img_width_desktop":65,"custom_height_desktop":800,"img_position_mobile":"bottom","content_background_color":"#7d5d5a","preheading_color":"#eae5e5","heading_color":"#ffffff","heading_size":"medium","text_content_color":"#ffffff","button_style":"signpost","signpost_color":"#f5e7cb","block_link":true,"text_alignment":"left"}}},"block_order":["1569251306052"],"settings":{"products_per_row":3,"pagination":"infinite_scroll"}},"1569275365089":{"type":"dynamic-image-with-text","blocks":{"1569275365089-0":{"type":"image_with_text","settings":{"img_width_desktop":65,"img_position_mobile":"bottom","content_background_color":"#7d5d5a","preheading_color":"#eae5e5","heading_color":"#ffffff","heading_size":"medium","text_content_color":"#ffffff","button_style":"signpost","signpost_color":"#f5e7cb","block_link":true,"text_alignment":"left"}}},"block_order":["1569275365089-0"],"settings":{"heading":"","background_color":"","heading_color":"#4d4d4d","subheading_color":"#4d4d4d","section_spacing_desktop":10,"section_spacing_mobile":5}}},"content_for_index":["1568741732941","1569275365089","1564163648447","1568743806470","1568745009488","1568920358808"]}}}