{"current":{"general_layout":"full_width","cus_w_bd":1420,"body_bg":"#fff","body_bg_image":"","body_bg_repeat":"default","body_bg_size":"default","body_bg_attachment":"default","body_bg_position":"default","home_keywords":"Cosmo Crew, Cosmo Crew Kids, Kids Swimwear, Sustainable Swimwear, Kids Swimsuits, Beach shorts boys, Kids bikinis","shop_author":"The4","use_rtl":true,"list_rtl":"ar","backtop":"3","prevent_copying":false,"falling_snow":false,"catalog_mode":false,"enable_toolbar":true,"enable_new_pp":false,"enable_pro_pr_pp":true,"enable_ck_pp":true,"enable_age_pp":false,"enable_salse_pp":true,"enable_salse_pp_mb":false,"platform_email":"1","klaviyo_list_id":"","ajax_klaviyo":true,"action_mailchimp":"","ajax_mailChimp":true,"checkbox_mail":false,"link_mail":"","wishlist_type":"1","app_review":"2","label_settings":"rounded","use_sale_label":true,"label_sale_style":"2","use_sold_out_label":true,"use_new_label":false,"new_day_added":10,"c_1":"","c_2":"","c_3":"","c_4":"","logo_svg":"kalles.svg","logo":"shopify:\/\/shop_images\/Cosmo_Crew_Small_da498f60-7c6e-40ee-88d6-aba0b8019839.jpg","logo_retina":"shopify:\/\/shop_images\/Cosmo_Crew_Small_da498f60-7c6e-40ee-88d6-aba0b8019839.jpg","logo_width":95,"logos":"shopify:\/\/shop_images\/Cosmo_Crew_Small_da498f60-7c6e-40ee-88d6-aba0b8019839.jpg","logos_retina":"shopify:\/\/shop_images\/Cosmo_Crew_Small_da498f60-7c6e-40ee-88d6-aba0b8019839.jpg","logos_width":100,"logo_mb":"shopify:\/\/shop_images\/Cosmo_Crew_Small_da498f60-7c6e-40ee-88d6-aba0b8019839.jpg","logo_mb_retina":"shopify:\/\/shop_images\/Cosmo_Crew_Small_da498f60-7c6e-40ee-88d6-aba0b8019839.jpg","logo_mb_width":100,"logo_tr_svg":"","logo_tr":"shopify:\/\/shop_images\/Logo_1.png","logo_tr_retina":"","logo_tr_width":100,"h_banner":true,"h_topbar":true,"full_header":true,"sticky_header":true,"scroll_header":true,"header_design":"3","h_transparent":false,"h_tr_top":false,"h_navmb":62,"mb_cat":true,"bgnav":"#ffffff","opnav":100,"clnav":"#222222","bgnavst":"#ffffff","opnavst":100,"clnavst":"#222222","bgnavtr":"#000000","opnavtr":40,"clnavtr":"#ffffff","h_icon":"iccl","show_search":true,"show_wis":true,"show_acc":true,"cart_des":"1","bg_hc":"#000000","cl_hc":"#ffffff","btnt4_style":"2","cl_bd_text":"#878787","color_primary":"#56cfe1","cl_hd":"#222","cl_se_tt":"#222","cl_sale":"#ff4e00","cl_new":"#109533","cl_sold_out":"#999","clpr_tt":"#222","clpr_price":"#696969","clpr_price_sale":"#ec0101","clpr_price_goc":"#878787","atw_btn":"#fff","bgqv_btn":"#fff","qv_btn":"#222","bgqv_btn_hover":"#222","qv_btn_hover":"#fff","bgatc_btn":"#fff","atc_btn":"#222","bgatc_btn_hover":"#222","atc_btn_hover":"#fff","bgatc_pg":"#56cfe1","atc_pg":"#fff","bgatc_pg_hover":"#222","atc_pg_hover":"#fff","bgck_btn":"#000","ck_btn":"#fff","bgck_btn_hover":"#222","ck_btn_hover":"#fff","cl_tooltip":"#383838","cl_tooltip_txt":"#fff","cl_lazyload":"#56cfe1","bg_lazyload":"#f5f5f5","use_cus_lz":true,"cus_lz":"shopify:\/\/shop_images\/kalles.png","ship_bar2":"#008060","ship_bar3":"#008060","font_source":"2","fnt_bd":"poppins_n4","fnt_heading":"poppins_n4","fnt_sub_tt":"poppins_n4","fnt_bd2":"Poppins","fnt_heading2":"Poppins","fnt_sub_tt2":"Libre Baskerville","size_bd_text":14,"fw_bd":400,"bd_line_height":1.7,"hd_letter_spacing":0,"fw_hd":600,"hd_line_height":1.4,"fs_nav":14,"fw_nav":400,"size_se_tt":24,"fw_se_tt":600,"size_se_stt":14,"txt_tr_pr":"capitalize","size_pr":14,"size_price_pr":14,"space_pr":15,"shop_sidebar":"none","shop_size_sidebar":"2","use_hidden_cat":false,"space_sidebar":30,"ajax_shop":true,"ajax_scroll_top":false,"show_column_switch":true,"show_list_switch":true,"sort_enable":true,"cat_sticky":false,"shop_filters":true,"pop_style":"pop_default","style_color_filter":"color, colour, Color","main_click":"zoom","zoom_tp":"2","pswp_tp":"light","show_zoom_img":true,"pr_curent":"3","show_first_img":false,"use_vimg":true,"sticky_atc":true,"social_pr":true,"enable_vlooping":true,"use_fimg":false,"color_ck":"","use_clicking_vimg":true,"enable_his":false,"pr_incoming_mess":true,"date_in":"7","remove_sold_out":false,"use_notify_me":true,"share_source":"2","within_cat":true,"use_quickview":true,"use_pr_rating":true,"hide_btns":false,"price_format":"1","show_pr_img":"2","hover_img":"2","pr_overlay":10,"use_quickshop":true,"use_buy_qs":false,"swatch_design":"2","style_color":"1","swatch_style":"1","swatch_size":"medium","show_pr_color":true,"show_color_type":"1","pr_swatch_setting":"1","swatch_home_size":"small","swatch_style_settings":"rounded","show_pr_size":true,"show_size_type":"1","size_ck":"","min_qty":"0","use_cart_cd":false,"cart_time":10,"cart_pos":"side","after_action_atc":"3","search_pos":"canvas","ajax_search":true,"filter_type_search":true,"only_search_prs":true,"unavailable_prs":"last","show_search_suggest":true,"search_prs_suggest":"trending","lr_enable":false,"use_privacy_policy":false,"privacy_policy_link":"","login_side":true,"return_login":"","free_ship_pr":"skinny-jeans-in-black","des_shipbar":"0","gift_wrap_pr":"gift-wrap","link_ship":"","link_conditions":"","ship_calc_df_country":"United States","show_multiple_currencies":true,"auto_currency":false,"currency_type":"1","flag_currency":true,"size_currency":"sm","currency_pos":"0","supported_currencies":"EUR - EUR | USD - USD | GBP - GBP| SEK -SEK","currency_format":"money_format","round_currency":false,"notify_currency":true,"mess_currency":"All charges are billed in {{ currency }}. While the content of your cart is currently displayed in <span class=\"selected-currency\"><\/span>, the checkout will use {{ currency }} at the most current exchange rate.","hover_currency":false,"custom_css":false,"custom_js":false,"share_image":"","share_facebook":true,"share_twitter":true,"share_pinterest":true,"share_tumblr":true,"share_email":true,"share_telegram":true,"social_facebook_link":"#","social_twitter_link":"#","social_instagram_link":"#","social_dribbble_link":"","social_linkedin_link":"#","social_pinterest_link":"#","social_tumblr_link":"","social_youtube_link":"","social_behance_link":"","social_soundcloud_link":"","favicon":"shopify:\/\/shop_images\/cosmo_finals_colour_CC03.png","favicon_apple":"shopify:\/\/shop_images\/cosmo_finals_colour_CC03.png","checkout_header_image":"","checkout_logo_image":"shopify:\/\/shop_images\/kalles_2x_d285afa0-dcc0-4663-80cc-93478c8881de.png","checkout_logo_position":"left","checkout_logo_size":"small","checkout_body_background_image":"","checkout_body_background_color":"#fff","checkout_input_background_color_mode":"white","checkout_sidebar_background_image":"","checkout_sidebar_background_color":"#fafafa","checkout_heading_font":"-apple-system, BlinkMacSystemFont, 'Segoe UI', Roboto, Helvetica, Arial, sans-serif, 'Apple Color Emoji', 'Segoe UI Emoji', 'Segoe UI Symbol'","checkout_body_font":"-apple-system, BlinkMacSystemFont, 'Segoe UI', Roboto, Helvetica, Arial, sans-serif, 'Apple Color Emoji', 'Segoe UI Emoji', 'Segoe UI Symbol'","checkout_accent_color":"#197bbd","checkout_button_color":"#197bbd","checkout_error_color":"#e32c2b","return_register":"","des_pr_design":"1","pr_sidebar":"none","pr_size_sidebar":"2","prefix":"none","shop_layout":"default","shop_des":"default","back_next_pr":true,"ratio_img_main":"ratio_imgtrue","img_size_main":"nt_contain","img_pos_main":"8","ratio_img_thumb":"ratio_imgtrue","img_size_thumb":"nt_cover","img_pos_thumb":"8","review_liquid":"","pr_layout":"default","design_products":"1","size_img_pr":"2","nav_img_pr":"medium","use_sticky_des":false,"enable_tag":true,"filter_price_list":"$7-$50, $50-$150, $150-$500","cat_des":"1","des_pr_layout":"1","pr_sidebar_full":false,"blog_layout":"default","blog_sidebar":"none","blog_size_sidebar":"2","blog_slider":true,"checkout_url":"","enable_import":true,"use_eq_thumb_height":false,"img_ratio_thumb":"ratio_nt","use_eq_nav_height":false,"img_ratio_nav":"ratio_nt","img_size_nav":"nt_cover","img_pos_nav":"8","hide_currency":false,"remove_currency":false,"sup_currency":false,"fv_counter":false,"favicon_animation":"pop","fv_bgcolor":"#56cfe1","fv_txtcolor":"#ffffff","enable_pro_pp":false,"operation_days":"Mon:1700-2100,Tue:1700-2100,Wed:1700-2200,Thu:1700-2200,Fri:1700-2300,Sat:1200-2300,Sun:1200-2100","timezones":"","sale_cl":"#ec0101","color_body_text":"#555555","color_price_sale":"#ec0101","color_lazyload":"#f5f5f5","color_secondary":"#1b1919","color_sale":"#ff4e00","color_new":"#56cfd9","color_sold_out":"#999","color_btn_slider":"#f76b6a","color_btn_slider_text":"#fff","color_btn_add":"#f76b6a","color_btn_add_text":"#fff","color_btn_qv":"#383838","color_btn_qv_text":"#fff","color_btn_vc":"#2d2d2d","color_btn_vc_text":"#fff","color_btn_ck":"#f76b6a","color_btn_ck_text":"#fff","color_threshold_bar":"#ff4b4b","color_ship":"#f76b6a","color_ship_bar":"#95bf47","color_add_page":"#f76b6a","color_add_page_text":"#fff","color_add_sticky":"#f76b6a","color_add_sticky_text":"#fff","border_color_tab":"#f76b6a","color_mbnav":"#f76b6a","color_mbnav_text":"#fff","color_vernav":"#f76b6a","color_vernav_text":"#fff","color_btn_now":"#000","color_btn_now_text":"#fff","color_input_new":"#333333","color_sign_up":"#f76b6a","color_sign_up_text":"#fff","color_backtop":"#f76b6a","color_backtop_text":"#fff","color_tooltip":"#383838","color_tooltip_text":"#fff","font_body_text":"poppins_n4","size_body_text":14.5,"body_line_height":1.2,"font_heading":"poppins_n4","titles_line_height":1.4,"size_heading":36,"size_text_h1":28,"size_text_h2":24,"size_text_h3":22,"size_text_h4":18,"size_text_h5":16,"size_text_h6":12,"fnt_sub_title":"libre_baskerville_i4","show_back_next_pr":true,"upsell_cart":"","show_custom_css":false,"show_custom_js":false,"color_sale_50":"#ff4e00","show_inline_t4css":true,"sections":{"header_top":{"type":"header_top","blocks":{"header_top-0":{"type":"text","settings":{"text":"<i class=\"pegk pe-7s-call\"><\/i><a class=\"cg\" href=\"tel:%20+0123456789\"> +01 23456789<\/a> <i class=\"pegk pe-7s-mail ml__15\"><\/i> <a class=\"cg\" href=\"mailto:kalles@domain.com\">Kalles@domain.com<\/a>","hide":false,"col":"4"}},"header_top-1":{"type":"text","settings":{"text":"Summer sale discount off <span class=\"cr\">50%<\/span>! <a href=\"\/collections\/trending\">Shop Now<\/a>","hide":false,"col":"4"}},"header_top-2":{"type":"cur","settings":{"hide":false,"show_location":false,"url_location":"","open_link":"_self","col":"4"}}},"block_order":["header_top-0","header_top-1","header_top-2"],"settings":{"height":41,"fontsize":12,"cl":"#878787","cl_a":"#222222","cl_cr":"#ec0101","bg":"#f6f6f8","bg_op":100,"show_border":false,"bd_cl":"#000000","cl_tr":"#ffffff","cl_a_tr":"#ffffff","cl_cr_tr":"#ec0101","bg_tr":"#000000","bg_op_tr":10,"show_border_tr":false,"bd_cl_tr":"#b3b3b3"}},"header_3":{"type":"header_3","blocks":{"ec1e6927-0210-49c0-9869-445dae47e1a3":{"type":"list","disabled":true,"settings":{"title":"Demo","url":"https:\/\/kalles-demo.myshopify.com\/?preview_theme_id=","open_link":"_self","menu":"","col":"4","icon":"","cus_cl":false,"cl":"#ec0101","lb":"","lb_cl":"","lazy_mn":true,"pos":"center","wid":"cus","cus_wid":750,"enable_cat":true,"cat_design":"1","hoverz":true,"cat_ratio":"ratio_adapt","cat_size":"nt_cover","cat_position":"8","enable_pr":true,"pr_des":"1","show_vendor":false,"use_cdt":false,"round_cd":false,"cdt_des":"1","use_eq_height":false,"image_ratio":"ratio_nt","image_size":"nt_cover","image_position":"8"}},"1585641227863":{"type":"mega","settings":{"title":"Shop","url":"https:\/\/kalles-demo.myshopify.com\/collections\/women\/?preview_theme_id=","open_link":"_self","icon":"","cus_cl":false,"cl":"#ec0101","lb":"New","lb_cl":"","lazy_mn":true,"pos":"center","wid":"cus","cus_wid":950}},"1585991609385":{"type":"link","settings":{"tt_hd":"SHOP PAGES","url":"https:\/\/kalles-demo.myshopify.com\/collections\/women\/?preview_theme_id=","open_link":"_self","menu":"","col":"2"}},"1585991685838":{"type":"link","settings":{"tt_hd":"FEATURES","url":"https:\/\/kalles-demo.myshopify.com\/collections\/women\/?preview_theme_id=","open_link":"_self","menu":"","col":"2"}},"1585641269506":{"type":"cat","settings":{"cat_design":"1","hoverz":true,"collection":"women","title":"","col":"4"}},"1586766954308":{"type":"cat","settings":{"cat_design":"1","hoverz":true,"collection":"men","title":"","col":"4"}},"504c41cf-3799-4c0f-ba94-a387ae791984":{"type":"list","settings":{"title":"Product","url":"https:\/\/kalles-demo.myshopify.com\/collections\/trending\/products\/blush-beanie\/?preview_theme_id=","open_link":"_self","menu":"","col":"3","icon":"","cus_cl":false,"cl":"#ec0101","lb":"","lb_cl":"","lazy_mn":true,"pos":"center","wid":"cus","cus_wid":1050,"enable_cat":true,"cat_design":"1","hoverz":true,"cat_ratio":"ratio_adapt","cat_size":"nt_cover","cat_position":"8","enable_pr":true,"pr_des":"1","show_vendor":false,"use_cdt":false,"round_cd":false,"cdt_des":"1","use_eq_height":false,"image_ratio":"ratio_nt","image_size":"nt_cover","image_position":"8"}},"1586767100450":{"type":"mega","settings":{"title":"Sale","url":"shopify:\/\/collections\/sale","open_link":"_self","icon":"","cus_cl":true,"cl":"#000000","lb":"","lb_cl":"#56cfe1","lazy_mn":true,"pos":"center","wid":"cus","cus_wid":1200}},"1586767322260":{"type":"link2","settings":{"col":"2","menu":""}},"1586767123172":{"type":"pr","settings":{"limit":6,"id_cat":"trending","column_pr":4,"pr_des":"1","show_vendor":false,"pr_lay":"2","use_cdt":false,"round_cd":false,"cdt_des":"1","use_eq_height":false,"image_ratio":"ratio_nt","image_size":"nt_cover","image_position":"8","col":"10"}},"1585641802325":{"type":"dropdown","settings":{"title":"Portfolio","url":"https:\/\/kalles-demo.myshopify.com\/blogs\/portfolio\/?preview_theme_id=","open_link":"_self","menu":"","icon":"","cus_cl":false,"cl":"#ec0101","lb":"","lb_cl":"","lazy_mn":true,"pos":"right"}},"1585641835304":{"type":"dropdown","settings":{"title":"Lookbook","url":"https:\/\/kalles-demo.myshopify.com\/blogs\/life-style\/the-easiest-way-to-break-out-on-top-1\/?preview_theme_id=","open_link":"_self","menu":"","icon":"","cus_cl":false,"cl":"#ec0101","lb":"","lb_cl":"","lazy_mn":true,"pos":"right"}},"1585641843539":{"type":"dropdown","settings":{"title":"Blog","url":"shopify:\/\/blogs\/life-style","open_link":"_self","menu":"","icon":"","cus_cl":false,"cl":"#ec0101","lb":"","lb_cl":"","lazy_mn":true,"pos":"right"}}},"block_order":["ec1e6927-0210-49c0-9869-445dae47e1a3","1585641227863","1585991609385","1585991685838","1585641269506","1586766954308","504c41cf-3799-4c0f-ba94-a387ae791984","1586767100450","1586767322260","1586767123172","1585641802325","1585641835304","1585641843539"],"settings":{"height":70,"arrow":false,"align":"tc","hover":"hover_side_up"}},"footer_top":{"type":"footer_top","blocks":{"1581507819652":{"type":"logo","settings":{"align":"tl_md","align_mb":"tl","logo_width":95,"title":"Get in touch","content":"<p><i class=\"pegk pe-7s-map-marker\"> <\/i><span>184 Main Rd E, St Albans <br> <span class=\"pl__30\">VIC 3021, Australia<\/span><\/span><\/p><p><i class=\"pegk pe-7s-mail\"><\/i><span> <a href=\"mailto:contact@company.com\">contact@company.com<\/a><\/span><\/p><p><i class=\"pegk pe-7s-call\"><\/i> <span>+001 2233 456 <\/span><\/p>","social_mode":"3","order":"1","cl":"3","cl_tb":"6","cl_mb":"12"}},"1581507824602":{"type":"menu","settings":{"title":"Categories","menu":"","order":"1","cl":"2","cl_tb":"6","cl_mb":"12"}},"1581507828337":{"type":"menu","settings":{"title":"Infomation","menu":"","order":"1","cl":"2","cl_tb":"6","cl_mb":"12"}},"1581507840818":{"type":"menu","settings":{"title":"Useful links","menu":"","order":"1","cl":"2","cl_tb":"6","cl_mb":"12"}},"1581507835369":{"type":"mail","settings":{"newl_des":"1","btn_icon":false,"title":"Newsletter Signup","sub_title":"Subscribe to our newsletter and get 10% off your first purchase","source":"1","svg":"amazon_payments,american_express,apple_pay,bitcoin,dankort,diners_club,discover,dogecoin,dwolla,forbrugsforeningen,interac,google_pay,jcb,klarna,klarna-pay-later,litecoin,maestro,master,paypal,shopify_pay,sofort,visa","height":30,"order":"1","cl":"3","cl_tb":"6","cl_mb":"12"}}},"block_order":["1581507819652","1581507824602","1581507828337","1581507840818","1581507835369"],"settings":{"sticky":false,"accordions":true,"border":false,"bd_cl":"#ededed","cl_h":"#222222","cl":"#878787","cl_a":"#878787","cl_hover":"#56cfe1","cl_ip":"#878787","bd_ip":"#878787","cl_btn":"#222222","cl_txt":"#ffffff","bg":"#f6f6f8","bg_repeat":"no-repeat","bg_size":"cover","bg_att":"scroll","bg_pos":"center center","cl_overlay":"#000000","cl_opacity":0}},"footer_bot":{"type":"footer_bot","blocks":{"1581507860120":{"type":"copy","settings":{"text":"Copyright © [year] <span class=\"cp\">Kalles<\/span> all rights reserved. Powered by <a href=\"https:\/\/the4.co\">The4<\/a>"}},"1581507855652":{"type":"menu","settings":{"menu":"footer"}}},"block_order":["1581507860120","1581507855652"],"settings":{"layout":"6","bg":"#ffffff","cl":"#878787","cl_a":"#878787","cl_hover":"#56cfe1"}},"cart_widget":{"type":"cart_widget","blocks":{"cart_widget-0":{"type":"price","settings":{}},"cart_widget-2":{"type":"agree","settings":{}},"cart_widget-3":{"type":"btnc","settings":{}},"cart_widget-4":{"type":"btnck","settings":{}},"cart_widget-5":{"type":"btnmr","settings":{}},"cart_widget-6":{"type":"img","settings":{}},"cart_widget-7":{"type":"btn","settings":{"title":"Return To Shop","url":"","style":"primary tu"}}},"block_order":["cart_widget-0","cart_widget-2","cart_widget-3","cart_widget-4","cart_widget-5","cart_widget-6","cart_widget-7"],"settings":{"style":"1","pos":"2","enable_pr":true,"calc_ship":true,"show_note":true,"show_rates":true,"show_discount":true,"show_gift_wrap":true}},"mb_nav":{"type":"mb_nav","blocks":{"mb_nav-0":{"type":"menu","settings":{"title":"Demo","url":"https:\/\/kalles-demo.myshopify.com\/?preview_theme_id=","open_link":"_self","menu":"","icon":"","lb":"","lb_cl":""}},"mb_nav-1":{"type":"menu","settings":{"title":"Shop","url":"shopify:\/\/collections\/trending","open_link":"_self","menu":"","icon":"","lb":"","lb_cl":""}},"mb_nav-2":{"type":"menu","settings":{"title":"Product","url":"shopify:\/\/products\/skin-sweatpans","open_link":"_self","menu":"","icon":"","lb":"","lb_cl":""}},"1585642902196":{"type":"menu","settings":{"title":"Sale","url":"","open_link":"_self","menu":"","icon":"","lb":"","lb_cl":""}},"1585642908420":{"type":"menu","settings":{"title":"Portfolio","url":"shopify:\/\/blogs\/portfolio","open_link":"_self","menu":"","icon":"","lb":"","lb_cl":""}},"mb_nav-3":{"type":"menu","settings":{"title":"Lookbook","url":"shopify:\/\/products\/analogue-resin-strap","open_link":"_self","menu":"","icon":"","lb":"","lb_cl":""}},"1585642887352":{"type":"menu","settings":{"title":"Blog","url":"","open_link":"_self","menu":"","icon":"","lb":"","lb_cl":""}},"mb_nav-4":{"type":"wis","settings":{}},"mb_nav-5":{"type":"sea","settings":{}},"mb_nav-6":{"type":"acc","settings":{}},"mb_nav-7":{"type":"help","settings":{"title":"Need help?","text":"<i class=\"pegk pe-7s-call fwb mr__10\"><\/i>+01 23456789<br><i class=\"pegk pe-7s-mail fwb mr__10\"><\/i><a class=\"cg\" href=\"mailto:claue@domain.com\">claue@domain.com<\/a>"}},"mb_nav-8":{"type":"cur","settings":{}}},"block_order":["mb_nav-0","mb_nav-1","mb_nav-2","1585642902196","1585642908420","mb_nav-3","1585642887352","mb_nav-4","mb_nav-5","mb_nav-6","mb_nav-7","mb_nav-8"],"settings":{}},"mb_cat":{"type":"mb_cat","blocks":{"1585641915360":{"type":"cat","settings":{"cat":"women","title":"Women’s Clothing","url":"","menu":"","lb":"","lb_cl":"#e91e63","icons_op":"2","icon":"female"}},"1585642130935":{"type":"cat","settings":{"cat":"men","title":"Men’s Clothing","url":"","menu":"","lb":"","lb_cl":"#e91e63","icons_op":"2","icon":"male"}},"1585642167981":{"type":"cat","settings":{"cat":"watches","title":"Watches","url":"","menu":"","lb":"","lb_cl":"#e91e63","icons_op":"2","icon":"clock"}},"1585642277236":{"type":"cat","settings":{"cat":"acessories","title":"Acessories","url":"","menu":"","lb":"","lb_cl":"#e91e63","icons_op":"2","icon":"glasses"}},"1585642450066":{"type":"cat","settings":{"cat":"electric","title":"","url":"","menu":"","lb":"","lb_cl":"#e91e63","icons_op":"2","icon":"camera-retro"}},"1585642600575":{"type":"cat","settings":{"cat":"shoes","title":"Shoes","url":"","menu":"","lb":"","lb_cl":"#e91e63","icons_op":"2","icon":"shoe-prints"}},"1585642629333":{"type":"cat","settings":{"cat":"jewellry","title":"Jewellery","url":"","menu":"","lb":"","lb_cl":"#e91e63","icons_op":"2","icon":"gem"}},"1585642644518":{"type":"cat","settings":{"cat":"footwear","title":"T-Shirt","url":"","menu":"","lb":"","lb_cl":"#e91e63","icons_op":"2","icon":"tshirt"}},"1585642780875":{"type":"cat","settings":{"cat":"decor","title":"Toys, Kids & Baby","url":"","menu":"","lb":"","lb_cl":"#e91e63","icons_op":"2","icon":"child"}},"1585642798957":{"type":"cat","settings":{"cat":"decor","title":"Decor","url":"","menu":"","lb":"","lb_cl":"#e91e63","icons_op":"2","icon":"chair"}}},"block_order":["1585641915360","1585642130935","1585642167981","1585642277236","1585642450066","1585642600575","1585642629333","1585642644518","1585642780875","1585642798957"],"settings":{}},"toolbar_mobile":{"type":"toolbar_mobile","blocks":{"toolbar_mobile-0":{"type":"shop","settings":{"title":"Shop","link":""}},"1581912867486":{"type":"filter","settings":{"title":"Filter"}},"toolbar_mobile-1":{"type":"wish","settings":{"title":"Wishlist"}},"toolbar_mobile-2":{"type":"cart","settings":{"title":"Cart"}},"toolbar_mobile-3":{"type":"account","settings":{"title":"Account"}},"toolbar_mobile-4":{"type":"search","settings":{"title":"Search"}}},"block_order":["toolbar_mobile-0","1581912867486","toolbar_mobile-1","toolbar_mobile-2","toolbar_mobile-3","toolbar_mobile-4"],"settings":{"show_txt":true}},"header_banner":{"type":"header_banner","settings":{"link":"shopify:\/\/collections\/sale","text":"Today deal sale off <strong>70% <\/strong>. End in [countdown].  Hurry Up <i class=\"las la-arrow-right\"><\/i>","countdown":"2021\/04\/19","dayx":4,"effect":"1","au_time":3.5,"height":41,"fontsize":12,"cl":"#ffffff","bg":"#e91e63","bg_op":100,"show_close":true,"show_icon":false,"txt_btn":"close","cl_btn":"#ffffff","ver":1,"date":60}},"nt_filter":{"type":"nt_filter","blocks":{"1581909372373":{"type":"color","settings":{"hidden_block":false,"title":"By Color","arra_enter":"Red,White,Brown,Blue, Black, Green, Grey, Sliver,Pink","use_auto_filter_tag":true,"key":"Color"}},"1581914074326":{"type":"other","settings":{"hidden_block":false,"title":"By Price","arra_enter":"","use_auto_filter_tag":true,"key":"Price","style":"ck"}},"1581913909406":{"type":"other","settings":{"hidden_block":false,"title":"By Size","arra_enter":"","use_auto_filter_tag":true,"key":"Size","style":"ck"}},"1581913174211":{"type":"brand","settings":{"hidden_block":false,"title":"By Brand","arra_enter":"","use_auto_filter_tag":true,"key":"Vendor","style":"ck"}}},"block_order":["1581909372373","1581914074326","1581913909406","1581913174211"],"settings":{}},"sticky_atc":{"type":"sticky_atc","settings":{"mb":true,"ani":"none","time":6}},"sales_popup":{"type":"sales_popup","settings":{"collection_id":"trending","limit":50,"index":true,"product":true,"collection":false,"article":false,"blog":false,"cart":false,"page":false,"pp_type":"2","start_time":5,"start_time_unit":"1000","stay_time":10,"stay_time_unit":"1000","show_cl":true,"show_qv":true,"list_user":"Nathan (California) | Alex (Texas) | Henry (New York) | Kiti (Ohio) | Daniel (Washington) | Hau (California) | Van (Ohio) | Sara (Montana)  | Kate (Georgia)","show_time":true,"list_time":"4 hours ago | 2 hours ago | 45 minutes ago | 1 day ago | 8 hours ago | 10 hours ago | 25 minutes ago | 2 day ago | 5 hours ago | 40 minutes ago","show_verify":true,"des":"1","pp_ani":"anislideInUp","txt1":"purchased","txt2":"Verified"}},"promo_pr_pp":{"type":"promo_pr_pp","settings":{"title":"Wait! Can't find what you're looking for?","sub_title":"Maybe this will help...","sub_font":"2","btn_title":"See all products","style_title":"title_2","ic_tt":"gem","show_clpr":false,"collection_id":"trending","limit":8,"col_pr":"4","pr_des":"1","show_vendor":false,"use_cdt":false,"round_cd":false,"cdt_des":"1","loop":true,"au_time":0,"au_hover":true,"button":false,"btn_vi":"1","btn_owl":"1","btn_color":"0","dot":false,"dot_owl":"1","dot_color":"1","use_eq_height":false,"image_ratio":"ratio_nt","image_size":"nt_cover","image_position":"8","index":true,"product":false,"collection":false,"article":false,"blog":false,"cart":false,"page":false,"day_next":1}},"re_upsell":{"type":"re_upsell","settings":{"title":"You may also like","sub_title":"","sub_font":"2","style_title":"title_2","ic_tt":"gem","show_clpr":false,"display_type":"3","limit":6,"space":30,"col_pr":"3","col_pr_tb":"3","col_pr_mb":"6","pr_des":"1","show_vendor":false,"use_cdt":false,"round_cd":false,"cdt_des":"1","use_eq_height":false,"image_ratio":"ratio_nt","image_size":"nt_cover","image_position":"8"}},"main-qv":{"type":"main-qv","blocks":{"pr_summary-0":{"type":"title","settings":{"size":18}},"pr_summary-1":{"type":"pricereview","settings":{"price":"0","txt_sale":"0","rating":true,"review_liquid":""}},"pr_summary-2":{"type":"des","settings":{"des":"2","text":"","length":31,"readm":false,"readm_txt":"Read more"}},"pr_summary-3":{"type":"frm","settings":{"ani":"shake","time":6,"btn_des":"1","btn_txt":"3","swatch_design":"2","style_color":"1","swatch_style":"1","swatch_size":"medium","show_qty":true,"btn_atc_full":false,"enable_payment_btn":false}},"1585709158220":{"type":"img","settings":{"mess":"","size":16,"source":"1","al":"tl","wimg":58,"svg":"amazon_payments,american_express,apple_pay,bitcoin,dankort,diners_club,discover,dogecoin,dwolla,forbrugsforeningen,interac,google_pay,jcb,klarna,klarna-pay-later,litecoin,maestro,master,paypal,shopify_pay,sofort,visa","height":50}},"pr_summary-4":{"type":"size","settings":{"size_chart":"2","pos_sizeg":"1","sc_type":"1","page":"size-guide","size_ck":"","delivery":true,"page_dr":"delivery-return","ask":true}},"pr_summary-5":{"type":"meta","settings":{"show_pr_vendor":false,"show_sku":true,"show_barcode":false,"show_available":false,"show_category_product":true,"show_tag_product":true}},"pr_summary-6":{"type":"social","settings":{"class":"tc"}}},"block_order":["pr_summary-0","pr_summary-1","pr_summary-2","pr_summary-3","1585709158220","pr_summary-4","pr_summary-5","pr_summary-6"],"settings":{"demo_pr":"","ratio_img_main":"ratio_imgtrue","img_size_main":"nt_contain","img_pos_main":"8"}},"nt_filter2":{"type":"nt_filter2","settings":{}},"pr-sidebar":{"type":"pr-sidebar","blocks":{"pr-sidebar-0":{"type":"shipping","settings":{"title":"Shipping & Delivery","shipping_1":"truck,FREE SHIPPING,Free shipping for all US order","shipping_2":"headset,SUPPORT 24\/7,We support 24 hours a day","shipping_3":"exchange-alt,30 DAYS RETURN,You have 30 days to return","shipping_4":"","shipping_5":"","shipping_6":""}},"pr-sidebar-1":{"type":"instagram","settings":{"title":"Instagram","acc2":"","limit":9,"open_link":"_blank","space":"2","rounded_ins":"0","col_pr":"4","col_pr_tb":"4","col_pr_mb":"4"}},"pr-sidebar-2":{"type":"text","settings":{"title":"Talk about your brand","text":"<p>Use this text to share information about your brand with your customers. Describe a product, share announcements, or welcome customers to your store.<\/p>"}}},"block_order":["pr-sidebar-0","pr-sidebar-1","pr-sidebar-2"],"settings":{}},"newsletter_pp":{"type":"newsletter_pp","blocks":{"newsletter_pp-0":{"type":"img","settings":{}},"newsletter_pp-1":{"type":"content","settings":{"title":"Sign up our newsletter and save 25% off for the next purchase!","sub":"Subscribe to our newsletters and don’t miss new arrivals, the latest fashion updates and our promotions.","newl_des":"1","btn_icon":false,"txt":"Your Information will never be shared with any third party.","btn_ck":true,"txt2":"Do not show it anymore."}}},"block_order":["newsletter_pp-0","newsletter_pp-1"],"settings":{"des":"2","fix_h":false,"fix_h_mb":false,"mb":false,"index":true,"product":false,"collection":false,"article":false,"blog":false,"cart":false,"page":false,"number_pages":0,"pp_version":1,"day_next":7,"after":"scroll","time_delay":2,"scroll_delay":800}},"cookies_law":{"type":"cookies_law","settings":{"text":"We use cookies to improve your experience on our website. By browsing this website, you agree to our use of cookies.","accept":"Accept","more":"More info","links":"","pp_version":1,"day_next":30,"cl_btn":"#56cfe1","cl_btn_hover":"#007e91"}}},"content_for_index":[]}}