{"sections":{"cat_shop":{"type":"cat_shop","settings":{"shown":true,"source":"1","sort":"alphabetical"}},"cat_heading":{"type":"cat_heading","blocks":{"cc30e06b-26b5-4d95-8a6d-a3c0ba6bb5b1":{"type":"1","settings":{"color":"#fff"}},"b9fa77af-4041-42da-b41c-1df6ade5dbbd":{"type":"2","settings":{"color":"#ededed"}}},"block_order":["cc30e06b-26b5-4d95-8a6d-a3c0ba6bb5b1","b9fa77af-4041-42da-b41c-1df6ade5dbbd"],"settings":{"shown":true,"use_specify_image":true,"parallax":false,"color":"#000000","overlay":54,"padding":50,"paddingmb":50,"bg_pos":"center center","bg_repeat":"no-repeat","bg_size":"cover","bg_att":"scroll"}},"des":{"type":"main-des-collection","settings":{"show_des":false}},"sub":{"type":"sub-collections","settings":{"show_sub":false,"layout":"default","cat_design":"5","cat_space":"30","col":"3","col_md":"3","col_mb":"6","pr_txt":"products","use_eq_height":true,"image_ratio":"ratio1_1"}},"main":{"type":"main-collection","settings":{"shop_layout":"default","shop_des":"default","limit":12,"space":30,"use_pagination":"default","use_bar_lm":true,"col_pr":"3","col_pr_tb":"3","col_pr_mb":"6","pr_des":"1","show_vendor":false,"breadcrumb_pr":false,"use_cdt":false,"round_cd":false,"cdt_des":"1","use_eq_height":false,"image_ratio":"ratio_nt","image_size":"nt_cover","image_position":"8"}}},"order":["cat_shop","cat_heading","des","sub","main"]}