{"sections":{"16357021760efbe511":{"type":"slideshow","blocks":{"16357021760efbe511-0":{"type":"img","settings":{"image":"shopify:\/\/shop_images\/Navy-Seasong-2.jpg","image_mb":"shopify:\/\/shop_images\/Periwinkle-Seasong-1.jpg","pos_img":"center center","cl_img":"","link_img1":"","open_link":"_blank","caption_w":"1","cap_v_pos":50,"cap_h_pos":0,"txt_align":"tl_md","cap_v_pos_mb":50,"cap_h_pos_mb":39,"txt_align_mb":"tl","cl_overlay":"#000000","cl_opacity":0,"ani_img":"none","ani_txt":"none","bg_content_bl":false,"bg_content_cl":"#ffffff","bg_content_op":50,"content_pd":"40px 80px","content_pd_mb":"10px 20px","border_bl":false,"br_color":"#222222","br_style":"solid","br_pd":20,"br_pd_mb":10}},"f861caef-b8e0-4895-b120-3a82a8928a96":{"type":"txt","settings":{"font":"f_body","title":"SEASONG COLLECTION","color":"#ffffff","fw_text":500,"fs_text":18,"lh_text":0,"ls_text":0,"fs_mb_text":12,"lh_mb_text":0,"ls_mb_text":0,"hide":false,"sp":5,"sp_mb":5}},"f85582ae-8d14-40c8-b6e1-cc73503c13ed":{"type":"txt","settings":{"font":"f_heading","title":"","color":"#56cfe1","fw_text":600,"fs_text":55,"lh_text":0,"ls_text":0,"fs_mb_text":20,"lh_mb_text":0,"ls_mb_text":0,"hide":false,"sp":10,"sp_mb":10}},"16357021760efbe511-2":{"type":"btn","settings":{"title":"Explore Now","btn_link":"shopify:\/\/collections\/all","title2":"Shop Now","btn_link2":"","btn_w":false,"btn_icon":false,"cl_txt":"#0a8b9e","cl_bg":"#a7ebf5","cl_bd":"#baebf2","fs_text":14,"fw_text":600,"h":40,"ls_text":0,"bdr":0,"pd":15,"fs_mb_text":14,"h_mb":40,"ls_mb_text":0,"bdr_mb":0,"pd_mb":15,"sp":0,"sp_mb":0}},"16357021760efbe511-3":{"type":"img","settings":{"pos_img":"center center","cl_img":"","link_img1":"","open_link":"_blank","caption_w":"1","cap_v_pos":50,"cap_h_pos":100,"txt_align":"tr_md","cap_v_pos_mb":50,"cap_h_pos_mb":39,"txt_align_mb":"tl","cl_overlay":"#000000","cl_opacity":0,"ani_img":"none","ani_txt":"none","bg_content_bl":false,"bg_content_cl":"#ffffff","bg_content_op":50,"content_pd":"40px 80px","content_pd_mb":"10px 20px","border_bl":false,"br_color":"#222222","br_style":"solid","br_pd":20,"br_pd_mb":10}},"16357021760efbe511-7":{"type":"txt","settings":{"font":"f_body","title":"NEW SEASON","color":"#222222","fw_text":500,"fs_text":18,"lh_text":0,"ls_text":0,"fs_mb_text":12,"lh_mb_text":0,"ls_mb_text":0,"hide":false,"sp":5,"sp_mb":5}},"16357021760efbe511-8":{"type":"txt","disabled":true,"settings":{"font":"f_heading","title":"Lookbook Collection","color":"#222222","fw_text":600,"fs_text":55,"lh_text":0,"ls_text":0,"fs_mb_text":20,"lh_mb_text":0,"ls_mb_text":0,"hide":false,"sp":10,"sp_mb":10}},"16357021760efbe511-9":{"type":"btn","settings":{"title":"Explore Now","btn_link":"shopify:\/\/collections\/all","title2":"Shop Now","btn_link2":"","btn_w":false,"btn_icon":false,"cl_txt":"#ffffff","cl_bg":"#222222","cl_bd":"#222222","fs_text":14,"fw_text":600,"h":40,"ls_text":0,"bdr":0,"pd":15,"fs_mb_text":14,"h_mb":40,"ls_mb_text":0,"bdr_mb":0,"pd_mb":15,"sp":0,"sp_mb":0}},"16357021760efbe511-6":{"type":"img","settings":{"pos_img":"center center","cl_img":"","link_img1":"","open_link":"_blank","caption_w":"1","cap_v_pos":50,"cap_h_pos":0,"txt_align":"tl_md","cap_v_pos_mb":50,"cap_h_pos_mb":39,"txt_align_mb":"tl","cl_overlay":"#000000","cl_opacity":0,"ani_img":"none","ani_txt":"none","bg_content_bl":false,"bg_content_cl":"#ffffff","bg_content_op":50,"content_pd":"40px 80px","content_pd_mb":"10px 20px","border_bl":false,"br_color":"#222222","br_style":"solid","br_pd":20,"br_pd_mb":10}},"16357021760efbe511-5":{"type":"txt","settings":{"font":"f_body","title":"SUMMER SALE","color":"#222222","fw_text":500,"fs_text":18,"lh_text":0,"ls_text":0,"fs_mb_text":12,"lh_mb_text":0,"ls_mb_text":0,"hide":false,"sp":5,"sp_mb":5}},"16357021760efbe511-1":{"type":"txt","settings":{"font":"f_heading","title":"Save up to 70%","color":"#222222","fw_text":600,"fs_text":55,"lh_text":0,"ls_text":0,"fs_mb_text":20,"lh_mb_text":0,"ls_mb_text":0,"hide":false,"sp":10,"sp_mb":10}},"16357021760efbe511-4":{"type":"btn","settings":{"title":"Explore Now","btn_link":"shopify:\/\/collections\/all","title2":"Shop Now","btn_link2":"","btn_w":false,"btn_icon":false,"cl_txt":"#ffffff","cl_bg":"#222222","cl_bd":"#222222","fs_text":14,"fw_text":600,"h":40,"ls_text":0,"bdr":0,"pd":15,"fs_mb_text":14,"h_mb":40,"ls_mb_text":0,"bdr_mb":0,"pd_mb":15,"sp":0,"sp_mb":0}}},"block_order":["16357021760efbe511-0","f861caef-b8e0-4895-b120-3a82a8928a96","f85582ae-8d14-40c8-b6e1-cc73503c13ed","16357021760efbe511-2","16357021760efbe511-3","16357021760efbe511-7","16357021760efbe511-8","16357021760efbe511-9","16357021760efbe511-6","16357021760efbe511-5","16357021760efbe511-1","16357021760efbe511-4"],"settings":{"se_height":"cus_h","use_custom_h":"1","h_des":"600px","h_tb":"500px","h_mb":"250px","effect":"1","loop":true,"autoplay":false,"au_time":6,"au_hover":true,"button":false,"btn_vi":"1","btn_owl":"1","btn_color":"0","dot":true,"dot_owl":"2","dot_color":"1","layout":"nt_full","cl_bg":"","mg":",,50px,","pd":"","mg_mb":"","pd_mb":""}},"1581505821233":{"type":"collection-list_packery","blocks":{"1581505821233-3":{"type":"collection","settings":{"collection":"","img_align":"top","title":"Women","url":""}},"1581505821233-1":{"type":"collection","settings":{"collection":"","img_align":"center","title":"Acessories","url":""}},"1581505821233-2":{"type":"collection","settings":{"collection":"","img_align":"center","title":"Footwear","url":""}},"1581505821233-0":{"type":"collection","settings":{"collection":"","img_align":"center","title":"Watches","url":""}}},"block_order":["1581505821233-3","1581505821233-1","1581505821233-2","1581505821233-0"],"settings":{"title":"","sub_title":"","sub_font":"2","style_title":"title_1","ic_tt":"gem","show_clpr":false,"hoverz":true,"cat_design":"1","cat_space":"30","pr_txt":"products","cat_lay4":1,"cat_lay5":3,"cp_code":false,"layout":"container","cl_bg":"","hide_bgimg":false,"mg":",,80px,","pd":"","mg_mb":",,60px,","pd_mb":""}},"1581505838591":{"type":"featured_collection","settings":{"title":"TRENDING","sub_title":"Top view in this week","sub_font":"2","btn_title":"See all products","style_title":"title_2","ic_tt":"gem","show_clpr":false,"collection":"","limit":8,"space":30,"use_pagination":"more","use_bar_lm":false,"btn_rd":true,"btn_icon":false,"btn_style":"default","col_pr":"3","col_pr_tb":"3","col_pr_mb":"6","pr_des":"1","show_vendor":false,"use_cdt":true,"round_cd":true,"cdt_des":"5","use_eq_height":false,"image_ratio":"ratio_nt","image_size":"nt_cover","image_position":"8","cp_code":false,"layout":"container","cl_bg":"","mg":",,90px,","pd":"","mg_mb":",,60px,","pd_mb":""}},"1581507980761":{"type":"banner","blocks":{"1581507980761-0":{"type":"image","settings":{"img_align":"center","url":"shopify:\/\/collections\/trending","open_link":"_self","cat_design":"1","title":"LOOKBOOK 2020","title_2":"MAKE LOVE THIS LOOK","txt_align":"tc","banner_align":"fl_center"}},"1581507980761-1":{"type":"image","settings":{"img_align":"center","url":"shopify:\/\/collections\/trending","open_link":"_self","cat_design":"2","title":"SUMMER SALE","title_2":"UP TO 70%","txt_align":"tc","banner_align":"fl_center"}}},"block_order":["1581507980761-0","1581507980761-1"],"settings":{"title":"","sub_title":"","sub_font":"2","style_title":"title_1","ic_tt":"gem","show_clpr":false,"cat_space":"30","image_ratio":"auto","col":"6","col_md":"6","col_mb":"12","hoverz":true,"use_shadow":false,"cl_txt":"#ffffff","cl_overlay":"#000000","cl_opacity":0,"layout":"container","cl_bg":"","mg":",,80px,","pd":"","mg_mb":",,60px,","pd_mb":""}},"1581507993250":{"type":"featured_collection","settings":{"title":"BEST SELLER","sub_title":"Top sale in this week","sub_font":"2","btn_title":"See all products","style_title":"title_2","ic_tt":"gem","show_clpr":false,"collection":"","limit":8,"space":30,"use_pagination":"none","use_bar_lm":true,"btn_rd":true,"btn_icon":false,"btn_style":"default","col_pr":"3","col_pr_tb":"3","col_pr_mb":"6","pr_des":"1","show_vendor":false,"use_cdt":false,"round_cd":false,"cdt_des":"1","use_eq_height":false,"image_ratio":"ratio_nt","image_size":"nt_cover","image_position":"8","cp_code":false,"layout":"container","cl_bg":"","mg":",,80px,","pd":"","mg_mb":",,60px,","pd_mb":""}},"1581508031759":{"type":"featured_blog","settings":{"title":"LATES FROM BLOG","sub_title":"The freshest and most exciting news","sub_font":"2","btn_title":"See all posts","style_title":"title_2","ic_tt":"pencil-alt","show_clpr":false,"layout_des":"1","art_des":"2","blog":"","limit":6,"use_pagination":"none","use_bar_lm":true,"btn_rd":true,"btn_icon":false,"btn_style":"default","date":"date","col_pr":"4","col_pr_tb":"4","col_pr_mb":"12","show_cnt":true,"show_au":true,"show_dt":true,"show_cm":false,"show_rm":false,"loop":false,"au_time":0,"au_hover":true,"button":true,"btn_vi":"1","btn_owl":"1","btn_color":"1","dot":false,"dot_owl":"1","dot_color":"1","use_eq_height":true,"image_ratio":"ratio4_3","image_size":"nt_cover","image_position":"8","layout":"container","cl_bg":"#ffffff","mg":",,85px,","pd":"","mg_mb":",,60px,","pd_mb":""}},"16357041768f51742b":{"type":"instagram_shop","blocks":{"1581508120953-0":{"type":"img","settings":{"url":""}},"1581508249339":{"type":"pin","settings":{"pos_t":39,"pos_l":39,"cl_pin":"dark","product":""}},"1581508120953-2":{"type":"img","settings":{"url":""}},"1581508571978":{"type":"pin","settings":{"pos_t":50,"pos_l":50,"cl_pin":"dark","product":""}},"1581508120953-1":{"type":"img","settings":{"url":""}},"1581508478366":{"type":"pin","settings":{"pos_t":32,"pos_l":67,"cl_pin":"dark","product":""}},"1581508503488":{"type":"pin","settings":{"pos_t":98,"pos_l":44,"cl_pin":"dark","product":""}},"1581508120953-3":{"type":"img","settings":{"url":""}},"1581508536038":{"type":"pin","settings":{"pos_t":28,"pos_l":79,"cl_pin":"dark","product":""}},"1581508120953-5":{"type":"img","settings":{"url":""}},"1581508621940":{"type":"pin","settings":{"pos_t":66,"pos_l":48,"cl_pin":"dark","product":""}},"1581508120953-4":{"type":"img","settings":{"url":""}},"1581508614765":{"type":"pin","settings":{"pos_t":66,"pos_l":42,"cl_pin":"dark","product":""}},"1581508222506":{"type":"img","settings":{"url":""}},"1581508561626":{"type":"pin","settings":{"pos_t":50,"pos_l":50,"cl_pin":"dark","product":""}},"1581782278305":{"type":"img","settings":{"url":""}}},"block_order":["1581508120953-0","1581508249339","1581508120953-2","1581508571978","1581508120953-1","1581508478366","1581508503488","1581508120953-3","1581508536038","1581508120953-5","1581508621940","1581508120953-4","1581508614765","1581508222506","1581508561626","1581782278305"],"settings":{"title":"@ FOLLOW US ON INSTAGRAM","sub_title":"","sub_font":"2","style_title":"title_2","ic_tt":"gem","show_clpr":false,"layout_des":"2","open_link":"_self","space":"0","rounded_ins":"0","col_pr":"2","col_pr_tb":"3","col_pr_mb":"6","loop":false,"au_time":0,"au_hover":true,"button":true,"btn_vi":"1","btn_owl":"1","btn_color":"0","dot":false,"dot_owl":"1","dot_color":"1","use_eq_height":true,"image_ratio":"ratio1_1","image_size":"nt_cover","image_position":"8","cp_code":false,"layout":"nt_full","cl_bg":"#ffffff","mg":"","pd":"","mg_mb":"","pd_mb":""}},"1581530479619":{"type":"shipping","blocks":{"1581530479619-0":{"type":"shipping","settings":{"icon":"pe-7s-car","title":"FREE SHIPPING","text":"Free shipping on all US order or order above $100"}},"1581530479619-1":{"type":"shipping","settings":{"icon":"pe-7s-help2","title":"SUPPORT 24\/7","text":"Contact us 24 hours a day, 7 days a week"}},"1581530479619-2":{"type":"shipping","settings":{"icon":"pe-7s-refresh","title":"30 DAYS RETURN","text":"Simply return it within 30 days for an exchange."}},"1581530479619-3":{"type":"shipping","settings":{"icon":"pe-7s-door-lock","title":"100% PAYMENT SECURE","text":"We ensure secure payment with PEV"}}},"block_order":["1581530479619-0","1581530479619-1","1581530479619-2","1581530479619-3"],"settings":{"source":"pegk","icon_des":"deafult","icon_align":"tl","icon_size":"medium","col_pr":"3","col_pr_tb":"6","col_mb":"fl_nowrap","layout":"container","cl_bg":"#ffffff","border":false,"cl_bd":"#dddddd","cl_ic":"#9e9e9e","cl_hd":"#222222","cl_cot":"#878787","mg":"50px,,,","pd":"","mg_mb":"","pd_mb":""}}},"order":["16357021760efbe511","1581505821233","1581505838591","1581507980761","1581507993250","1581508031759","16357041768f51742b","1581530479619"]}