{"wrapper":"div.mb__60","sections":{"main":{"type":"main-product","blocks":{"title":{"type":"title","settings":{}},"pricereview":{"type":"pricereview","settings":{}},"des":{"type":"des","settings":{}},"frm":{"type":"frm","settings":{}},"size":{"type":"size","settings":{}},"meta":{"type":"meta","settings":{}},"social":{"type":"social","settings":{}}},"block_order":["title","pricereview","des","frm","size","meta","social"],"settings":{}},"product-description":{"type":"pr_description","blocks":{"des":{"type":"des","settings":{}},"add":{"type":"add","settings":{}},"rivui":{"type":"rivui","settings":{}}},"block_order":["des","add","rivui"],"settings":{}},"product-recommendations":{"type":"product-recommendations","settings":{}},"recently-viewed-products":{"type":"recently_viewed","settings":{}}},"order":["main","product-description","product-recommendations","recently-viewed-products"]}