{"current":{"color--accent":"#ecc8bc","color-text":"#212121","color--alternative":"#ffffff","color-page-bg":"#ffffff","color-panel-bg":"#fcfbfc","color-border":"#e0e0e0","color-button":"#ffffff","color-button-bg":"#808000","color-header-bg":"#ffffff","color-header":"#212121","color-header-cart":"#272727","bg-color--footer":"#ffffff","color--footer":"#212121","color-slider-caption":"#212121","color-slider-caption-bg":"#ffffff","color-slider-button":"#ffffff","color-slider-button-bg":"#b1af6a","color-slider-nav":"#212121","color-tabs-accordions":"#f7f7f7","typography--heading":"catamaran_n4","typography--heading--uppercase":true,"typography--heading--size":"large","typography--accent":"catamaran_n4","typography--paragraph":"catamaran_n4","typography--paragraph--size":"medium","hover-image-enabled":true,"social--instagram--url":"#","social--facebook--url":"#","social--youtube--url":"#","social--pinterest--url":"#","social--twitter--url":"#","favicon":"shopify:\/\/shop_images\/Logo_beauty_pink.png","checkout_logo_image":"shopify:\/\/shop_images\/Logo_beauty_pink.png","sections":{"header":{"type":"header","settings":{"transparent-menu":false,"header-account-show":true,"cart--icon":"bag","header-menu-center":true,"menu":"home","show-currency-selector":false,"show-locale-selector":true,"header-logo-center":true,"logo":"shopify:\/\/shop_images\/PuChangLogo_B_512x512_1.png","logo-height":65}},"framework--footer":{"type":"framework--footer","blocks":{"footer--about":{"type":"about","settings":{"about-title":"About Us","text":"<p>We work closely with local farmers, learning their wisdom and sharing with them new knowledge on organic farming and winemaking.<\/p>","subscribe--show-social-icons":true}},"footer--menu":{"type":"menu","settings":{"menu-title":"Information","menu":"home"}},"footer--subscribe":{"type":"subscribe","settings":{"newsletter--heading":"Subscribe","newsletter--info":"<p>Sign up to our mailing list<\/p>","subscribe--show-newsletter":true}}},"block_order":["footer--about","footer--menu","footer--subscribe"],"settings":{"show-currency-selector":true,"show-locale-selector":true,"show-payment-icons":true}},"product":{"type":"product","settings":{"product-breadcrumbs-show":true,"variant-style":"dropdowns","swatches-enabled":false,"smart-payment-button":true,"product-unavailable-form-show":true,"low-in-stock-amount":0,"image-zoom-enabled":true,"loop-enabled":false,"cart-form-position":"left","product-size-chart-enabled":false,"product-size-chart-option":"size","product-size-chart-page-content":"","product-share-show":true,"product-share-twitter":true,"product-share-facebook":true,"product-share-pinterest":true}},"collection":{"type":"collection","settings":{"collections-breadcrumbs-show":true,"collections-tags-show":true,"show-title":false,"collections-products-per-row":"4","mobile-items-per-row":"2"}},"1519177052247":{"type":"slideshow","blocks":{"1519177052247-0":{"type":"image","settings":{"image":"shopify:\/\/shop_images\/IMG_7322_1.jpg","slide-title":"Award Winning Winery","slide-tagline":"What comes from the heart goes to the heart - by Samuel Taylor Coleridge","slide-link-title":"Shop now","slide-y-pos":"middle","slide-x-pos":"center","slide-text-pos":"text-center"}},"a0514f0f-6ede-4354-8647-f946ae3561be":{"type":"image","settings":{"image":"shopify:\/\/shop_images\/PUCHANG_Panoramic.png","slide-title":"Organic Wine From China","slide-tagline":"Making wine with respect to the Mother Nature and passion for a green living","slide-link-title":"Shop Now","slide-y-pos":"middle","slide-x-pos":"center","slide-text-pos":"text-center"}},"648c4438-33d1-4807-979f-85597562ec09":{"type":"image","settings":{"image":"shopify:\/\/shop_images\/IMG_7672.png","slide-title":"French Oak Barrels","slide-tagline":"Barrel ageing improves wine stability, color, aroma, and flavor. We believe in drinking less but better quality wine","slide-link-title":"Shop Now","slide-y-pos":"middle","slide-x-pos":"center","slide-text-pos":"text-center"}},"62676a02-9d1e-468a-9a3b-94dc3c0cc273":{"type":"image","settings":{"image":"shopify:\/\/shop_images\/20200514-CategoryIcon-draft-v2-01.png","slide-title":"Puchang Vineyard","slide-tagline":"Puchang Vineyard is committed to offering premium wines from local varietal grapes found only in Xinjiang, planted and cared for by our wine-loving team under organic management","slide-link-title":"shop now","slide-y-pos":"middle","slide-x-pos":"center","slide-text-pos":"text-center"}}},"block_order":["1519177052247-0","a0514f0f-6ede-4354-8647-f946ae3561be","648c4438-33d1-4807-979f-85597562ec09","62676a02-9d1e-468a-9a3b-94dc3c0cc273"],"settings":{"autoplay":false,"transition_style":"default","rotate-frequency-range":7}},"1519177181912":{"type":"featured-collection","settings":{"background-color":"none","home-product-slider-collection":"best-sellers","max_products":12}},"1519177316120":{"type":"framework--newsletter","settings":{"back-color":"#212121","text-color":"#ffffff","heading":"Subscribe to our newsletter","newsletter--subheading":"<p>A short sentence describing what someone will receive by subscribing<\/p>"}},"1521155972652":{"type":"framework--featured-video","settings":{"video-url":"https:\/\/www.youtube.com\/watch?v=PMZNQPbKDSk","video_mp4":"","full-width":true,"background-color":"none","section-height":"small","darken-video":true,"alt-text":true,"heading":"Respect For Nature","sub-heading":"","description":"<p>We believe in gratitude, that is why we consider the respect for nature as the key principle of our job. Wines should be free to express themselves and the terroir they are born into. For this reason, we oppose any sort of intrusive cultivation and we limit any form of human intervention so that the winemaking process is as gentle as possible.<\/p>","button-text":""}},"announcement":{"type":"announcement","settings":{"enabled":false,"home-page-only":true,"background-color":"accent","alternative-color":false,"text":"Add your announcement message"}},"1605598890c8501c96":{"type":"framework--image-text-overlay","blocks":{"1605598890c8501c96-0":{"type":"image","settings":{"image":"shopify:\/\/shop_images\/PuChang_Styled_Bottles_18.jpg","wide":true,"tall":true,"retain-ratio":false,"title":"White Wine","link-text":"Shop Now"}},"1605598890c8501c96-1":{"type":"image","settings":{"image":"shopify:\/\/shop_images\/20200514-CategoryIcon-draft-v2-08.png","wide":true,"tall":false,"retain-ratio":false,"title":"Customized GIfts","link-text":"Shop Now"}},"1605598890c8501c96-2":{"type":"image","settings":{"image":"shopify:\/\/shop_images\/PuChang_Styled_Bottles_16.jpg","wide":false,"tall":false,"retain-ratio":false,"title":"Red Wine","link-text":"Shop Now"}},"1605598890c8501c96-3":{"type":"image","settings":{"image":"shopify:\/\/shop_images\/20200514-CategoryIcon-draft-v2-04.png","wide":false,"tall":false,"retain-ratio":false,"title":"Best Sellers","link-text":"Shop Now"}}},"block_order":["1605598890c8501c96-0","1605598890c8501c96-1","1605598890c8501c96-2","1605598890c8501c96-3"],"settings":{"text-style":"light-with-overlay","background-color":"none","spacing":true,"container-width":4,"width":4,"mobile-width":"1","title":"","subtitle":"","link-text":""}},"16188115079ca69bb2":{"type":"framework--image-with-text-below","blocks":{"16188115079ca69bb2-0":{"type":"image","settings":{"image":"shopify:\/\/shop_images\/low-temperature_2.png","title":"Lowest temperature","description":"<p>-20 degree C<\/p>","link-text":""}},"16188115079ca69bb2-1":{"type":"image","settings":{"image":"shopify:\/\/shop_images\/high-temperature_1.png","title":"Highest Temperature","description":"<p>50 degree C<\/p>","link-text":""}},"16188115079ca69bb2-3":{"type":"image","settings":{"image":"shopify:\/\/shop_images\/water_1.png","title":"154m","description":"<p>below sea level<\/p>","link-text":""}},"16188115079ca69bb2-2":{"type":"image","settings":{"image":"shopify:\/\/shop_images\/wine_1.png","title":"Grape Varietals","description":"<p>118 types<\/p>","link-text":""}}},"block_order":["16188115079ca69bb2-0","16188115079ca69bb2-1","16188115079ca69bb2-3","16188115079ca69bb2-2"],"settings":{"background-color":"none","spacing":true,"container-width":4,"width":4,"image-width":50,"mobile-width":"1","title":"","subtitle":"","link-text":""}},"161881170997b7c98c":{"type":"framework--featured-text","settings":{"background-color":"light","heading":"Traditional Winemaking","text":"<p>“Making wine with respect to Mother Nature and passion for a greener living”<\/p><p>Puchang Vineyard is committed to offering premium wines from local varietal grapes found only in Xinjiang, planted and cared for by our wine-loving team under organic management.<\/p>"}},"1618828924036fc335":{"type":"framework--image-with-text-below","blocks":{"1618828924036fc335-0":{"type":"image","settings":{"image":"shopify:\/\/shop_images\/IMG_9783-Edit.jpg","title":"KK Cheung","description":"<p>Vineyard Owner<\/p>","link-text":""}},"1618828924036fc335-1":{"type":"image","settings":{"image":"shopify:\/\/shop_images\/IMG_7682-Edit-Edit.jpg","title":"Loris Tartaglia","description":"<p>Chief Winemaker<\/p>","link-text":""}},"1618828924036fc335-2":{"type":"image","settings":{"image":"shopify:\/\/shop_images\/IMG_0876.jpg","title":"William Thomas","description":"<p>Assistant Winemaker<\/p>","link-text":""}}},"block_order":["1618828924036fc335-0","1618828924036fc335-1","1618828924036fc335-2"],"settings":{"background-color":"none","spacing":true,"container-width":4,"width":3,"image-width":0,"mobile-width":"1","title":"Our Team","subtitle":"","link-text":""}},"16188296686d27b6b2":{"type":"home-logo-list","blocks":{"16188296686d27b6b2-0":{"type":"logo_image","settings":{"image":"shopify:\/\/shop_images\/forbes-logo-40236_180x_1.png"}},"16188296686d27b6b2-1":{"type":"logo_image","settings":{"image":"shopify:\/\/shop_images\/decanter-logo-vector-svg_180x_1.png"}},"16188296686d27b6b2-2":{"type":"logo_image","settings":{"image":"shopify:\/\/shop_images\/lifestyle_asia_180x_1.png"}},"16188296686d27b6b2-3":{"type":"logo_image","settings":{"image":"shopify:\/\/shop_images\/VOGUE_logo_logotype_180x_1.png"}},"536f5d1e-07d1-4fc2-a2c4-04f4957278ce":{"type":"logo_image","settings":{"image":"shopify:\/\/shop_images\/Tatler_logo_logotype-700x226_180x_1.png"}},"d1708e9b-6915-47bf-84a8-1b2540ba7785":{"type":"logo_image","settings":{"image":"shopify:\/\/shop_images\/Legend_Logo_black_180x_1.png"}},"c0fb44a5-4d2f-4842-ab89-9b2749cc3f6e":{"type":"logo_image","settings":{"image":"shopify:\/\/shop_images\/klipartz.png"}},"4748d8d4-57dc-4a96-a9cd-e35d349a5746":{"type":"logo_image","settings":{"image":"shopify:\/\/shop_images\/ELLE_Magazine_Logo.svg_079c5a28-9770-4594-9b86-6e82efc6ce73.png"}},"7b6342c6-611b-4b61-89d2-40ad507d223b":{"type":"logo_image","settings":{"image":"shopify:\/\/shop_images\/Marie-Claire-Logo_180x_1.png"}},"e4ad9291-1e84-4cfe-bbf7-0a1e6a707aec":{"type":"logo_image","settings":{"image":"shopify:\/\/shop_images\/PikPng.png"}},"dd4b33ac-400f-4fc6-9183-dd56c7aa4c9a":{"type":"logo_image","settings":{"image":"shopify:\/\/shop_images\/hket_180x_1.png"}},"a7d18f04-3635-4d0b-ba2f-39f79ab35f88":{"type":"logo_image","settings":{"image":"shopify:\/\/shop_images\/etw_logo_1_1.png"}}},"block_order":["16188296686d27b6b2-0","16188296686d27b6b2-1","16188296686d27b6b2-2","16188296686d27b6b2-3","536f5d1e-07d1-4fc2-a2c4-04f4957278ce","d1708e9b-6915-47bf-84a8-1b2540ba7785","c0fb44a5-4d2f-4842-ab89-9b2749cc3f6e","4748d8d4-57dc-4a96-a9cd-e35d349a5746","7b6342c6-611b-4b61-89d2-40ad507d223b","e4ad9291-1e84-4cfe-bbf7-0a1e6a707aec","dd4b33ac-400f-4fc6-9183-dd56c7aa4c9a","a7d18f04-3635-4d0b-ba2f-39f79ab35f88"],"settings":{"background-color":"light","title":"In the Press"}},"contact-txt-columns":{"type":"contact-txt-columns","blocks":{"48c81bd2-131d-4f49-9421-0c68a703e407":{"type":"image","settings":{"title":"Grid image","description":"<p>Add your description text here<\/p><p>Add your description text here<\/p><p>Add your description text here<\/p><p>Add your description text here<\/p>"}},"9e737045-ea3c-48a1-8c36-0c8eb0bedf6e":{"type":"image","settings":{"title":"Grid image","description":"<p>Add your description text here<\/p><p>Add your description text here<\/p><p>Add your description text her<\/p><p>Add your description text here<\/p>"}},"cce459c1-b6c0-4ec0-9c42-eded13facb34":{"type":"image","settings":{"title":"Grid image","description":"<p>Add your description text here<\/p><p>Add your description text here<\/p><p>Add your description text here<\/p><p>Add your description text here<\/p>"}}},"block_order":["48c81bd2-131d-4f49-9421-0c68a703e407","9e737045-ea3c-48a1-8c36-0c8eb0bedf6e","cce459c1-b6c0-4ec0-9c42-eded13facb34"],"settings":{"background-color":"light","spacing":true,"container-width":4,"width":4,"mobile-width":"2","top-title":"Grid with text below","para_txt":""}}},"content_for_index":["1519177052247","16188115079ca69bb2","161881170997b7c98c","1605598890c8501c96","1519177181912","1521155972652","16188296686d27b6b2","1618828924036fc335","1519177316120"]},"presets":{"Beauty":{"color--accent":"#ffd7d7","color-text":"#212121","color--alternative":"#ffffff","color-page-bg":"#ffffff","color-panel-bg":"#fcfbfc","color-border":"#e0e0e0","color-button":"#ffffff","color-button-bg":"#212121","color-header-bg":"#ffeff0","color-header":"#212121","color-header-cart":"#272727","bg-color--footer":"#ffeff0","color--footer":"#212121","color-slider-caption":"#212121","color-slider-caption-bg":"#ffffff","color-slider-button":"#ffffff","color-slider-button-bg":"#212121","color-slider-nav":"#212121","color-tabs-accordions":"#f7f7f7","typography--heading":"roboto_n5","typography--heading--uppercase":false,"typography--heading--size":"small","typography--accent":"karla_n4","typography--paragraph":"roboto_n4","typography--paragraph--size":"medium","sections":{"header":{"type":"header","settings":{"transparent-menu":false,"header-account-show":true,"cart--icon":"text","header-menu-center":true,"menu":"main-menu","show-currency-selector":true,"show-locale-selector":true,"header-logo-center":true,"logo-height":35}},"framework--footer":{"type":"framework--footer","blocks":{"footer--about":{"type":"about","settings":{"about-title":"Store","text":"<p>© Your brand name here<\/p>","subscribe--show-social-icons":true}},"footer--menu":{"type":"menu","settings":{"menu-title":"Info","menu":"footer"}},"footer--subscribe":{"type":"subscribe","settings":{"newsletter--heading":"Subscribe","newsletter--info":"<p>Sign up to our mailing list<\/p>","subscribe--show-newsletter":true}}},"block_order":["footer--about","footer--menu","footer--subscribe"],"settings":{"show-currency-selector":true,"show-locale-selector":true,"show-payment-icons":true}},"product":{"type":"product","settings":{"product-breadcrumbs-show":true,"variant-style":"dropdowns","swatches-enabled":false,"smart-payment-button":true,"product-unavailable-form-show":true,"low-in-stock-amount":0,"image-zoom-enabled":true,"loop-enabled":false,"cart-form-position":"left","product-size-chart-enabled":false,"product-size-chart-option":"size","product-size-chart-page-content":"","product-share-show":true,"product-share-twitter":true,"product-share-facebook":true,"product-share-pinterest":true}},"collection":{"type":"collection","settings":{"collections-breadcrumbs-show":true,"collections-tags-show":true,"show-title":false,"collections-products-per-row":"4","mobile-items-per-row":"2"}},"1519177052247":{"type":"slideshow","blocks":{"1519177052247-0":{"type":"image","settings":{"slide-title":"Slideshow","slide-tagline":"Introduce your store or campaign with this slideshow section.","slide-link-title":"Link to content","slide-y-pos":"middle","slide-x-pos":"left","slide-text-pos":"text-left"}},"1519177052247-1":{"type":"image","settings":{"slide-title":"Slideshow","slide-tagline":"Introduce your store or campaign with this slideshow section.","slide-link-title":"Link to content","slide-y-pos":"middle","slide-x-pos":"left","slide-text-pos":"text-left"}}},"block_order":["1519177052247-0","1519177052247-1"],"settings":{"autoplay":true,"transition_style":"default","rotate-frequency-range":7}},"1519177108222":{"type":"framework--featured-content","settings":{"full-width":true,"background-color":"accent","text-position":"right","text-width":"small","overlap":false,"transparent-overlap":false,"alternative-color":false,"mobile-overlay":true,"image-height":"medium","parallax-enabled":false,"apply-overlay":false,"title":"Image with Text","description":"<p>Use a combination of image and text to share information about your brand with your customers. Describe a product, share announcements, or welcome customers to your store<\/p>","link-text":""}},"1519177181912":{"type":"featured-collection","settings":{"background-color":"none","home-product-slider-collection":"","max_products":12}},"1519177213210":{"type":"framework--featured-content","settings":{"full-width":true,"background-color":"light","text-position":"center","text-width":"large","overlap":true,"transparent-overlap":true,"alternative-color":true,"mobile-overlay":true,"image-height":"medium","parallax-enabled":false,"apply-overlay":true,"title":"Image with Text","description":"<p>Use a combination of image and text to share information about your brand with your customers. Describe a product, share announcements, or welcome customers to your store<\/p>","link-text":""}},"1519177316120":{"type":"framework--newsletter","settings":{"heading":"Subscribe to our newsletter","newsletter--subheading":"<p>A short sentence describing what someone will receive by subscribing<\/p>"}},"1521155965634":{"type":"framework--featured-text","settings":{"background-color":"none","heading":"Talk about your brand","text":"<p>Use this text to share information about your brand with your customers. Describe a product, share announcements, or welcome customers to your store.<\/p>"}},"1521155972652":{"type":"framework--featured-video","settings":{"video-url":"","full-width":true,"background-color":"light","section-height":"regular","darken-video":true,"alt-text":true,"heading":"","sub-heading":"Add a subheading here","button-text":"button"}},"1521155992953":{"type":"framework--map","settings":{"api-key":"","map-address":"391 Sutter St, San Francisco","background-color":"light","theme":"grayscale","heading":"Map","address":"<p>391 Sutter St,<br\/>San Francisco<br\/>CA 94108, USA<br\/><br\/>(555) 555-5555<\/p>","hours":"<p>Monday - Friday<br\/>10am - 6pm<br\/><br\/>Saturday - Sunday<br\/>12pm - 5pm<\/p>"}},"1521156071253":{"type":"framework--featured-content","settings":{"full-width":false,"background-color":"light","text-position":"left","text-width":"small","overlap":true,"transparent-overlap":false,"alternative-color":false,"mobile-overlay":true,"image-height":"medium","parallax-enabled":false,"apply-overlay":true,"title":"Image with Text","description":"<p>Use a combination of image and text to share information about your brand with your customers. Describe a product, share announcements, or welcome customers to your store<\/p>","link-text":""}},"announcement":{"type":"announcement","settings":{"enabled":true,"home-page-only":true,"background-color":"accent","alternative-color":false,"text":"Add your announcement message"}},"1599542427196":{"type":"framework--featured-blog","settings":{"background-color":"none","blog-heading":"Blog posts","blog":"news","tag-select":"pinned","show-date":true,"show-excerpt":true,"view-more-text":"View more"}},"1605598890c8501c96":{"type":"framework--image-text-overlay","blocks":{"1605598890c8501c96-0":{"type":"image","settings":{"wide":true,"tall":true,"retain-ratio":false,"title":"Grid image","link-text":"View more"}},"1605598890c8501c96-1":{"type":"image","settings":{"wide":true,"tall":false,"retain-ratio":false,"title":"Grid image","link-text":"View more"}},"1605598890c8501c96-2":{"type":"image","settings":{"wide":false,"tall":false,"retain-ratio":false,"title":"Grid image","link-text":"View more"}},"1605598890c8501c96-3":{"type":"image","settings":{"wide":false,"tall":false,"retain-ratio":false,"title":"Grid image","link-text":"View more"}}},"block_order":["1605598890c8501c96-0","1605598890c8501c96-1","1605598890c8501c96-2","1605598890c8501c96-3"],"settings":{"text-style":"light-with-overlay","background-color":"none","spacing":true,"container-width":4,"width":4,"mobile-width":"2","title":"Grid with overlay","subtitle":"","link-text":""}},"1605598898e2d908c6":{"type":"framework--image-with-text-below","blocks":{"1605598898e2d908c6-0":{"type":"image","settings":{"title":"Grid image","description":"<p>Add your description text here<\/p>","link-text":"View more"}},"1605598898e2d908c6-1":{"type":"image","settings":{"title":"Grid image","description":"<p>Add your description text here<\/p>","link-text":"View more"}},"1605598898e2d908c6-2":{"type":"image","settings":{"title":"Grid image","description":"<p>Add your description text here<\/p>","link-text":"View more"}},"1605598898e2d908c6-3":{"type":"image","settings":{"title":"Grid image","description":"<p>Add your description text here<\/p>","link-text":"View more"}}},"block_order":["1605598898e2d908c6-0","1605598898e2d908c6-1","1605598898e2d908c6-2","1605598898e2d908c6-3"],"settings":{"background-color":"light","spacing":true,"container-width":4,"width":4,"image-width":0,"mobile-width":"2","title":"Grid with text below","subtitle":"","link-text":""}}},"content_for_index":["1519177052247","1519177181912","1519177108222","1605598890c8501c96","1519177213210","1605598898e2d908c6","1521155965634","1521155972652","1521156071253","1599542427196","1521155992953","1519177316120"]},"Adorn":{"color--accent":"#f7f2f2","color-text":"#212121","color--alternative":"#ffffff","color-page-bg":"#ffffff","color-panel-bg":"#f7f7f7","color-border":"#e0e0e0","color-button":"#ffffff","color-button-bg":"#212121","color-header-bg":"#ffffff","color-header":"#212121","color-header-cart":"#212121","bg-color--footer":"#f7f2f2","color--footer":"#212121","color-slider-caption":"#212121","color-slider-caption-bg":"#ffffff","color-slider-button":"#ffffff","color-slider-button-bg":"#212121","color-slider-nav":"#212121","color-tabs-accordions":"#e0e0e0","typography--heading":"itc_caslon_no_224_n4","typography--heading--uppercase":false,"typography--heading--size":"large","typography--accent":"avenir_next_n4","typography--paragraph":"avenir_next_n4","typography--paragraph--size":"medium","sections":{"header":{"type":"header","settings":{"transparent-menu":false,"header-account-show":true,"cart--icon":"text","header-menu-center":true,"menu":"main-menu","show-currency-selector":true,"show-locale-selector":true,"header-logo-center":true,"logo-height":35}},"framework--footer":{"type":"framework--footer","blocks":{"footer--about":{"type":"about","settings":{"about-title":"Store","text":"<p>© Your brand name here<\/p>","subscribe--show-social-icons":true}},"footer--menu":{"type":"menu","settings":{"menu-title":"Info","menu":"footer"}},"footer--subscribe":{"type":"subscribe","settings":{"newsletter--heading":"Subscribe","newsletter--info":"<p>Sign up to our mailing list<\/p>","subscribe--show-newsletter":true}}},"block_order":["footer--about","footer--menu","footer--subscribe"],"settings":{"show-currency-selector":true,"show-locale-selector":true,"show-payment-icons":true}},"product":{"type":"product","settings":{"product-breadcrumbs-show":true,"variant-style":"dropdowns","swatches-enabled":false,"smart-payment-button":true,"product-unavailable-form-show":true,"low-in-stock-amount":0,"image-zoom-enabled":true,"loop-enabled":false,"cart-form-position":"left","product-size-chart-enabled":false,"product-size-chart-option":"size","product-size-chart-page-content":"","product-share-show":true,"product-share-twitter":true,"product-share-facebook":true,"product-share-pinterest":true}},"collection":{"type":"collection","settings":{"collections-breadcrumbs-show":true,"collections-tags-show":true,"show-title":false,"collections-products-per-row":"4","mobile-items-per-row":"2"}},"1519177052247":{"type":"slideshow","blocks":{"1519177052247-0":{"type":"image","settings":{"slide-title":"Slideshow","slide-tagline":"Introduce your store or campaign with this slideshow section.","slide-link-title":"Link to content","slide-y-pos":"middle","slide-x-pos":"left","slide-text-pos":"text-left"}},"1519177052247-1":{"type":"image","settings":{"slide-title":"Slideshow","slide-tagline":"Introduce your store or campaign with this slideshow section.","slide-link-title":"Link to content","slide-y-pos":"middle","slide-x-pos":"left","slide-text-pos":"text-left"}}},"block_order":["1519177052247-0","1519177052247-1"],"settings":{"autoplay":true,"transition_style":"default","rotate-frequency-range":7}},"1519177108222":{"type":"framework--featured-content","settings":{"full-width":true,"background-color":"accent","text-position":"right","text-width":"small","overlap":false,"transparent-overlap":false,"alternative-color":false,"mobile-overlay":true,"image-height":"medium","parallax-enabled":false,"apply-overlay":false,"title":"Image with Text","description":"<p>Use a combination of image and text to share information about your brand with your customers. Describe a product, share announcements, or welcome customers to your store<\/p>","link-text":""}},"1519177181912":{"type":"featured-collection","settings":{"background-color":"none","home-product-slider-collection":"","max_products":12}},"1519177213210":{"type":"framework--featured-content","settings":{"full-width":true,"background-color":"light","text-position":"center","text-width":"large","overlap":true,"transparent-overlap":true,"alternative-color":true,"mobile-overlay":true,"image-height":"medium","parallax-enabled":false,"apply-overlay":true,"title":"Image with Text","description":"<p>Use a combination of image and text to share information about your brand with your customers. Describe a product, share announcements, or welcome customers to your store<\/p>","link-text":""}},"1519177316120":{"type":"framework--newsletter","settings":{"heading":"Subscribe to our newsletter","newsletter--subheading":"<p>A short sentence describing what someone will receive by subscribing<\/p>"}},"1521155965634":{"type":"framework--featured-text","settings":{"background-color":"none","heading":"Talk about your brand","text":"<p>Use this text to share information about your brand with your customers. Describe a product, share announcements, or welcome customers to your store.<\/p>"}},"1521155972652":{"type":"framework--featured-video","settings":{"video-url":"","full-width":true,"background-color":"light","section-height":"regular","darken-video":true,"alt-text":true,"heading":"","sub-heading":"Add a subheading here","button-text":"button"}},"1521155992953":{"type":"framework--map","settings":{"api-key":"","map-address":"391 Sutter St, San Francisco","background-color":"light","theme":"grayscale","heading":"Map","address":"<p>391 Sutter St,<br\/>San Francisco<br\/>CA 94108, USA<br\/><br\/>(555) 555-5555<\/p>","hours":"<p>Monday - Friday<br\/>10am - 6pm<br\/><br\/>Saturday - Sunday<br\/>12pm - 5pm<\/p>"}},"1521156071253":{"type":"framework--featured-content","settings":{"full-width":false,"background-color":"light","text-position":"left","text-width":"small","overlap":true,"transparent-overlap":false,"alternative-color":false,"mobile-overlay":true,"image-height":"medium","parallax-enabled":false,"apply-overlay":true,"title":"Image with Text","description":"<p>Use a combination of image and text to share information about your brand with your customers. Describe a product, share announcements, or welcome customers to your store<\/p>","link-text":""}},"announcement":{"type":"announcement","settings":{"enabled":true,"home-page-only":true,"background-color":"accent","alternative-color":false,"text":"Add your announcement message"}},"1599542427196":{"type":"framework--featured-blog","settings":{"background-color":"none","blog-heading":"Blog posts","blog":"news","tag-select":"pinned","show-date":true,"show-excerpt":true,"view-more-text":"View more"}},"1605598890c8501c96":{"type":"framework--image-text-overlay","blocks":{"1605598890c8501c96-0":{"type":"image","settings":{"wide":true,"tall":true,"retain-ratio":false,"title":"Grid image","link-text":"View more"}},"1605598890c8501c96-1":{"type":"image","settings":{"wide":true,"tall":false,"retain-ratio":false,"title":"Grid image","link-text":"View more"}},"1605598890c8501c96-2":{"type":"image","settings":{"wide":false,"tall":false,"retain-ratio":false,"title":"Grid image","link-text":"View more"}},"1605598890c8501c96-3":{"type":"image","settings":{"wide":false,"tall":false,"retain-ratio":false,"title":"Grid image","link-text":"View more"}}},"block_order":["1605598890c8501c96-0","1605598890c8501c96-1","1605598890c8501c96-2","1605598890c8501c96-3"],"settings":{"text-style":"light-with-overlay","background-color":"none","spacing":true,"container-width":4,"width":4,"mobile-width":"2","title":"Grid with overlay","subtitle":"","link-text":""}},"1605598898e2d908c6":{"type":"framework--image-with-text-below","blocks":{"1605598898e2d908c6-0":{"type":"image","settings":{"title":"Grid image","description":"<p>Add your description text here<\/p>","link-text":"View more"}},"1605598898e2d908c6-1":{"type":"image","settings":{"title":"Grid image","description":"<p>Add your description text here<\/p>","link-text":"View more"}},"1605598898e2d908c6-2":{"type":"image","settings":{"title":"Grid image","description":"<p>Add your description text here<\/p>","link-text":"View more"}},"1605598898e2d908c6-3":{"type":"image","settings":{"title":"Grid image","description":"<p>Add your description text here<\/p>","link-text":"View more"}}},"block_order":["1605598898e2d908c6-0","1605598898e2d908c6-1","1605598898e2d908c6-2","1605598898e2d908c6-3"],"settings":{"background-color":"light","spacing":true,"container-width":4,"width":4,"image-width":0,"mobile-width":"2","title":"Grid with text below","subtitle":"","link-text":""}}},"content_for_index":["1519177052247","1519177181912","1519177108222","1605598890c8501c96","1519177213210","1605598898e2d908c6","1521155965634","1521155972652","1521156071253","1599542427196","1521155992953","1519177316120"]},"Summer":{"color--accent":"#ffe0c8","color-text":"#212121","color--alternative":"#ffffff","color-page-bg":"#ffffff","color-panel-bg":"#f7f7f7","color-border":"#e0e0e0","color-button":"#ffffff","color-button-bg":"#212121","color-header-bg":"#f7f7f7","color-header":"#212121","color-header-cart":"#212121","bg-color--footer":"#f7f7f7","color--footer":"#212121","color-slider-caption":"#212121","color-slider-caption-bg":"#ffffff","color-slider-button":"#ffffff","color-slider-button-bg":"#212121","color-slider-nav":"#212121","color-tabs-accordions":"#e0e0e0","typography--heading":"gill_sans_nova_n4","typography--heading--uppercase":false,"typography--heading--size":"small","typography--accent":"gill_sans_nova_n4","typography--paragraph":"gill_sans_nova_n4","typography--paragraph--size":"medium","sections":{"header":{"type":"header","settings":{"transparent-menu":false,"header-account-show":true,"cart--icon":"text","header-menu-center":true,"menu":"main-menu","show-currency-selector":true,"show-locale-selector":true,"header-logo-center":true,"logo-height":35}},"framework--footer":{"type":"framework--footer","blocks":{"footer--about":{"type":"about","settings":{"about-title":"Store","text":"<p>© Your brand name here<\/p>","subscribe--show-social-icons":true}},"footer--menu":{"type":"menu","settings":{"menu-title":"Info","menu":"footer"}},"footer--subscribe":{"type":"subscribe","settings":{"newsletter--heading":"Subscribe","newsletter--info":"<p>Sign up to our mailing list<\/p>","subscribe--show-newsletter":true}}},"block_order":["footer--about","footer--menu","footer--subscribe"],"settings":{"show-currency-selector":true,"show-locale-selector":true,"show-payment-icons":true}},"product":{"type":"product","settings":{"product-breadcrumbs-show":true,"variant-style":"dropdowns","swatches-enabled":false,"smart-payment-button":true,"product-unavailable-form-show":true,"low-in-stock-amount":0,"image-zoom-enabled":true,"loop-enabled":false,"cart-form-position":"left","product-size-chart-enabled":false,"product-size-chart-option":"size","product-size-chart-page-content":"","product-share-show":true,"product-share-twitter":true,"product-share-facebook":true,"product-share-pinterest":true}},"collection":{"type":"collection","settings":{"collections-breadcrumbs-show":true,"collections-tags-show":true,"show-title":false,"collections-products-per-row":"4","mobile-items-per-row":"2"}},"1519177052247":{"type":"slideshow","blocks":{"1519177052247-0":{"type":"image","settings":{"slide-title":"Slideshow","slide-tagline":"Introduce your store or campaign with this slideshow section.","slide-link-title":"Link to content","slide-y-pos":"middle","slide-x-pos":"left","slide-text-pos":"text-left"}},"1519177052247-1":{"type":"image","settings":{"slide-title":"Slideshow","slide-tagline":"Introduce your store or campaign with this slideshow section.","slide-link-title":"Link to content","slide-y-pos":"middle","slide-x-pos":"left","slide-text-pos":"text-left"}}},"block_order":["1519177052247-0","1519177052247-1"],"settings":{"autoplay":true,"transition_style":"default","rotate-frequency-range":7}},"1519177108222":{"type":"framework--featured-content","settings":{"full-width":true,"background-color":"accent","text-position":"right","text-width":"small","overlap":false,"transparent-overlap":false,"alternative-color":false,"mobile-overlay":true,"image-height":"medium","parallax-enabled":false,"apply-overlay":false,"title":"Image with Text","description":"<p>Use a combination of image and text to share information about your brand with your customers. Describe a product, share announcements, or welcome customers to your store<\/p>","link-text":""}},"1519177181912":{"type":"featured-collection","settings":{"background-color":"none","home-product-slider-collection":"","max_products":12}},"1519177213210":{"type":"framework--featured-content","settings":{"full-width":true,"background-color":"light","text-position":"center","text-width":"large","overlap":true,"transparent-overlap":true,"alternative-color":true,"mobile-overlay":true,"image-height":"medium","parallax-enabled":false,"apply-overlay":true,"title":"Image with Text","description":"<p>Use a combination of image and text to share information about your brand with your customers. Describe a product, share announcements, or welcome customers to your store<\/p>","link-text":""}},"1519177316120":{"type":"framework--newsletter","settings":{"heading":"Subscribe to our newsletter","newsletter--subheading":"<p>A short sentence describing what someone will receive by subscribing<\/p>"}},"1521155965634":{"type":"framework--featured-text","settings":{"background-color":"none","heading":"Talk about your brand","text":"<p>Use this text to share information about your brand with your customers. Describe a product, share announcements, or welcome customers to your store.<\/p>"}},"1521155972652":{"type":"framework--featured-video","settings":{"video-url":"","full-width":true,"background-color":"light","section-height":"regular","darken-video":true,"alt-text":true,"heading":"","sub-heading":"Add a subheading here","button-text":"button"}},"1521155992953":{"type":"framework--map","settings":{"api-key":"","map-address":"391 Sutter St, San Francisco","background-color":"light","theme":"grayscale","heading":"Map","address":"<p>391 Sutter St,<br\/>San Francisco<br\/>CA 94108, USA<br\/><br\/>(555) 555-5555<\/p>","hours":"<p>Monday - Friday<br\/>10am - 6pm<br\/><br\/>Saturday - Sunday<br\/>12pm - 5pm<\/p>"}},"1521156071253":{"type":"framework--featured-content","settings":{"full-width":false,"background-color":"light","text-position":"left","text-width":"small","overlap":true,"transparent-overlap":false,"alternative-color":false,"mobile-overlay":true,"image-height":"medium","parallax-enabled":false,"apply-overlay":true,"title":"Image with Text","description":"<p>Use a combination of image and text to share information about your brand with your customers. Describe a product, share announcements, or welcome customers to your store<\/p>","link-text":""}},"announcement":{"type":"announcement","settings":{"enabled":true,"home-page-only":true,"background-color":"accent","alternative-color":false,"text":"Add your announcement message"}},"1599542427196":{"type":"framework--featured-blog","settings":{"background-color":"none","blog-heading":"Blog posts","blog":"news","tag-select":"pinned","show-date":true,"show-excerpt":true,"view-more-text":"View more"}},"1605598890c8501c96":{"type":"framework--image-text-overlay","blocks":{"1605598890c8501c96-0":{"type":"image","settings":{"wide":true,"tall":true,"retain-ratio":false,"title":"Grid image","link-text":"View more"}},"1605598890c8501c96-1":{"type":"image","settings":{"wide":true,"tall":false,"retain-ratio":false,"title":"Grid image","link-text":"View more"}},"1605598890c8501c96-2":{"type":"image","settings":{"wide":false,"tall":false,"retain-ratio":false,"title":"Grid image","link-text":"View more"}},"1605598890c8501c96-3":{"type":"image","settings":{"wide":false,"tall":false,"retain-ratio":false,"title":"Grid image","link-text":"View more"}}},"block_order":["1605598890c8501c96-0","1605598890c8501c96-1","1605598890c8501c96-2","1605598890c8501c96-3"],"settings":{"text-style":"light-with-overlay","background-color":"none","spacing":true,"container-width":4,"width":4,"mobile-width":"2","title":"Grid with overlay","subtitle":"","link-text":""}},"1605598898e2d908c6":{"type":"framework--image-with-text-below","blocks":{"1605598898e2d908c6-0":{"type":"image","settings":{"title":"Grid image","description":"<p>Add your description text here<\/p>","link-text":"View more"}},"1605598898e2d908c6-1":{"type":"image","settings":{"title":"Grid image","description":"<p>Add your description text here<\/p>","link-text":"View more"}},"1605598898e2d908c6-2":{"type":"image","settings":{"title":"Grid image","description":"<p>Add your description text here<\/p>","link-text":"View more"}},"1605598898e2d908c6-3":{"type":"image","settings":{"title":"Grid image","description":"<p>Add your description text here<\/p>","link-text":"View more"}}},"block_order":["1605598898e2d908c6-0","1605598898e2d908c6-1","1605598898e2d908c6-2","1605598898e2d908c6-3"],"settings":{"background-color":"light","spacing":true,"container-width":4,"width":4,"image-width":0,"mobile-width":"2","title":"Grid with text below","subtitle":"","link-text":""}}},"content_for_index":["1519177052247","1519177181912","1519177108222","1605598890c8501c96","1519177213210","1605598898e2d908c6","1521155965634","1521155972652","1521156071253","1599542427196","1521155992953","1519177316120"]},"Deli":{"color--accent":"#fb8a68","color-text":"#212121","color--alternative":"#ffffff","color-page-bg":"#ffffff","color-panel-bg":"#f7f7f7","color-border":"#e0e0e0","color-button":"#ffffff","color-button-bg":"#212121","color-header-bg":"#fafafa","color-header":"#212121","color-header-cart":"#212121","bg-color--footer":"#f7f7f7","color--footer":"#212121","color-slider-caption":"#212121","color-slider-caption-bg":"#ffffff","color-slider-button":"#ffffff","color-slider-button-bg":"#212121","color-slider-nav":"#212121","color-tabs-accordions":"#e0e0e0","typography--heading":"futura_n4","typography--heading--uppercase":false,"typography--heading--size":"medium","typography--accent":"karla_n4","typography--paragraph":"karla_n4","typography--paragraph--size":"medium","sections":{"header":{"type":"header","settings":{"transparent-menu":false,"header-account-show":true,"cart--icon":"text","header-menu-center":true,"menu":"main-menu","show-currency-selector":true,"show-locale-selector":true,"header-logo-center":true,"logo-height":35}},"framework--footer":{"type":"framework--footer","blocks":{"footer--about":{"type":"about","settings":{"about-title":"Store","text":"<p>© Your brand name here<\/p>","subscribe--show-social-icons":true}},"footer--menu":{"type":"menu","settings":{"menu-title":"Info","menu":"footer"}},"footer--subscribe":{"type":"subscribe","settings":{"newsletter--heading":"Subscribe","newsletter--info":"<p>Sign up to our mailing list<\/p>","subscribe--show-newsletter":true}}},"block_order":["footer--about","footer--menu","footer--subscribe"],"settings":{"show-currency-selector":true,"show-locale-selector":true,"show-payment-icons":true}},"product":{"type":"product","settings":{"product-breadcrumbs-show":true,"variant-style":"dropdowns","swatches-enabled":false,"smart-payment-button":true,"product-unavailable-form-show":true,"low-in-stock-amount":0,"image-zoom-enabled":true,"loop-enabled":false,"cart-form-position":"left","product-size-chart-enabled":false,"product-size-chart-option":"size","product-size-chart-page-content":"","product-share-show":true,"product-share-twitter":true,"product-share-facebook":true,"product-share-pinterest":true}},"collection":{"type":"collection","settings":{"collections-breadcrumbs-show":true,"collections-tags-show":true,"show-title":false,"collections-products-per-row":"4","mobile-items-per-row":"2"}},"1519177052247":{"type":"slideshow","blocks":{"1519177052247-0":{"type":"image","settings":{"slide-title":"Slideshow","slide-tagline":"Introduce your store or campaign with this slideshow section.","slide-link-title":"Link to content","slide-y-pos":"middle","slide-x-pos":"left","slide-text-pos":"text-left"}},"1519177052247-1":{"type":"image","settings":{"slide-title":"Slideshow","slide-tagline":"Introduce your store or campaign with this slideshow section.","slide-link-title":"Link to content","slide-y-pos":"middle","slide-x-pos":"left","slide-text-pos":"text-left"}}},"block_order":["1519177052247-0","1519177052247-1"],"settings":{"autoplay":true,"transition_style":"default","rotate-frequency-range":7}},"1519177108222":{"type":"framework--featured-content","settings":{"full-width":true,"background-color":"accent","text-position":"right","text-width":"small","overlap":false,"transparent-overlap":false,"alternative-color":true,"mobile-overlay":true,"image-height":"medium","parallax-enabled":false,"apply-overlay":false,"title":"Image with Text","description":"<p>Use a combination of image and text to share information about your brand with your customers. Describe a product, share announcements, or welcome customers to your store<\/p>","link-text":""}},"1519177181912":{"type":"featured-collection","settings":{"background-color":"none","home-product-slider-collection":"","max_products":12}},"1519177213210":{"type":"framework--featured-content","settings":{"full-width":true,"background-color":"light","text-position":"center","text-width":"large","overlap":true,"transparent-overlap":true,"alternative-color":true,"mobile-overlay":true,"image-height":"medium","parallax-enabled":false,"apply-overlay":true,"title":"Image with Text","description":"<p>Use a combination of image and text to share information about your brand with your customers. Describe a product, share announcements, or welcome customers to your store<\/p>","link-text":""}},"1519177316120":{"type":"framework--newsletter","settings":{"heading":"Subscribe to our newsletter","newsletter--subheading":"<p>A short sentence describing what someone will receive by subscribing<\/p>"}},"1521155965634":{"type":"framework--featured-text","settings":{"background-color":"none","heading":"Talk about your brand","text":"<p>Use this text to share information about your brand with your customers. Describe a product, share announcements, or welcome customers to your store.<\/p>"}},"1521155972652":{"type":"framework--featured-video","settings":{"video-url":"","full-width":true,"background-color":"light","section-height":"regular","darken-video":true,"alt-text":true,"heading":"","sub-heading":"Add a subheading here","button-text":"button"}},"1521155992953":{"type":"framework--map","settings":{"api-key":"","map-address":"391 Sutter St, San Francisco","background-color":"light","theme":"grayscale","heading":"Map","address":"<p>391 Sutter St,<br\/>San Francisco<br\/>CA 94108, USA<br\/><br\/>(555) 555-5555<\/p>","hours":"<p>Monday - Friday<br\/>10am - 6pm<br\/><br\/>Saturday - Sunday<br\/>12pm - 5pm<\/p>"}},"1521156071253":{"type":"framework--featured-content","settings":{"full-width":false,"background-color":"light","text-position":"left","text-width":"small","overlap":true,"transparent-overlap":false,"alternative-color":false,"mobile-overlay":true,"image-height":"medium","parallax-enabled":false,"apply-overlay":true,"title":"Image with Text","description":"<p>Use a combination of image and text to share information about your brand with your customers. Describe a product, share announcements, or welcome customers to your store<\/p>","link-text":""}},"announcement":{"type":"announcement","settings":{"enabled":true,"home-page-only":true,"background-color":"accent","alternative-color":true,"text":"Add your announcement message"}},"1599542427196":{"type":"framework--featured-blog","settings":{"background-color":"none","blog-heading":"Blog posts","blog":"news","tag-select":"pinned","show-date":true,"show-excerpt":true,"view-more-text":"View more"}},"1605598890c8501c96":{"type":"framework--image-text-overlay","blocks":{"1605598890c8501c96-0":{"type":"image","settings":{"wide":true,"tall":true,"retain-ratio":false,"title":"Grid image","link-text":"View more"}},"1605598890c8501c96-1":{"type":"image","settings":{"wide":true,"tall":false,"retain-ratio":false,"title":"Grid image","link-text":"View more"}},"1605598890c8501c96-2":{"type":"image","settings":{"wide":false,"tall":false,"retain-ratio":false,"title":"Grid image","link-text":"View more"}},"1605598890c8501c96-3":{"type":"image","settings":{"wide":false,"tall":false,"retain-ratio":false,"title":"Grid image","link-text":"View more"}}},"block_order":["1605598890c8501c96-0","1605598890c8501c96-1","1605598890c8501c96-2","1605598890c8501c96-3"],"settings":{"text-style":"light-with-overlay","background-color":"none","spacing":true,"container-width":4,"width":4,"mobile-width":"2","title":"Grid with overlay","subtitle":"","link-text":""}},"1605598898e2d908c6":{"type":"framework--image-with-text-below","blocks":{"1605598898e2d908c6-0":{"type":"image","settings":{"title":"Grid image","description":"<p>Add your description text here<\/p>","link-text":"View more"}},"1605598898e2d908c6-1":{"type":"image","settings":{"title":"Grid image","description":"<p>Add your description text here<\/p>","link-text":"View more"}},"1605598898e2d908c6-2":{"type":"image","settings":{"title":"Grid image","description":"<p>Add your description text here<\/p>","link-text":"View more"}},"1605598898e2d908c6-3":{"type":"image","settings":{"title":"Grid image","description":"<p>Add your description text here<\/p>","link-text":"View more"}}},"block_order":["1605598898e2d908c6-0","1605598898e2d908c6-1","1605598898e2d908c6-2","1605598898e2d908c6-3"],"settings":{"background-color":"light","spacing":true,"container-width":4,"width":4,"image-width":0,"mobile-width":"2","title":"Grid with text below","subtitle":"","link-text":""}}},"content_for_index":["1519177052247","1519177181912","1519177108222","1605598890c8501c96","1519177213210","1605598898e2d908c6","1521155965634","1521155972652","1521156071253","1599542427196","1521155992953","1519177316120"]}}}