[{"name":"theme_info","theme_name":"Shopbe","theme_author":"Halothemes","theme_version":"1.0.0","theme_documentation_url":"https:\/\/help.shopify.com\/manual\/using-themes\/sections","theme_support_url":"https:\/\/support.shopify.com\/"},{"name":"Welcome","settings":[{"type":"paragraph","content":"Theme settings allow designers to provide an easy way for any user to customize the look and feel of their shop without having to delve into HTML or CSS code. Please see our [help page on theme settings](http:\/\/docs.shopify.com\/themes\/theme-templates\/settings) to learn more about how you can make your theme customizable."}]},{"name":"Multi Languages","settings":[{"type":"checkbox","id":"enable_multilang_shopify","label":"Enable Multi Languages","default":true},{"type":"text","id":"lange_name_1","label":"Language Name 1","default":"English"},{"type":"text","id":"lange_1","label":"Language Code 1","default":"en"},{"type":"image","id":"i-lang-1.png","label":"Language 1 Icon","info":"===================="},{"type":"text","id":"lange_name_2","label":"Language Name 2","default":"German"},{"type":"text","id":"lange_2","label":"Language Code 2","default":"de"},{"type":"image","id":"i-lang-2.png","label":"Language 2 Icon","info":"===================="},{"type":"text","id":"lange_name_3","label":"Language Name 3"},{"type":"text","id":"lange_3","label":"Language Code 3"},{"type":"image","id":"i-lang-3.png","label":"Language 3 Icon","info":"===================="},{"type":"text","id":"lange_name_4","label":"Language Name 4"},{"type":"text","id":"lange_4","label":"Language Code 4"},{"type":"image","id":"i-lang-4.png","label":"Language 4 Icon","info":"===================="},{"type":"text","id":"lange_name_5","label":"Language Name 5"},{"type":"text","id":"lange_5","label":"Language Code 5","info":"===================="},{"type":"image","id":"i-lang-5.png","label":"Language 5 Icon"},{"type":"text","id":"lange_name_6","label":"Language Name 6"},{"type":"text","id":"lange_6","label":"Language Code 6"},{"type":"image","id":"i-lang-6.png","label":"Language 6 Icon"}]},{"name":"Sticky Add To Cart","settings":[{"type":"checkbox","id":"display_sticky","label":"Display?","default":true},{"type":"checkbox","id":"display_sticky_mb","label":"Display Mobile ?","default":true,"info":"=================="},{"type":"checkbox","id":"display_countdown","label":"Display Countdown?","default":true},{"type":"color","id":"bg_sticky","label":"Background Color","default":"#fff"},{"type":"color","id":"color_sticky","label":"Text Color","default":"#3c3c3c"},{"type":"color","id":"color_variants","label":"Variants Text Color","default":"#646464"}]},{"name":"Social media","settings":[{"type":"header","content":"Social accounts"},{"type":"text","id":"social_facebook_link","label":"Facebook","info":"https:\/\/facebook.com\/shopify"},{"type":"color","id":"bg_facebook","label":"Background Color","default":"#3a599c"},{"type":"color","id":"color_facebook","label":"Color","default":"#fff","info":"======================"},{"type":"text","id":"social_twitter_link","label":"Twitter","info":"https:\/\/twitter.com\/shopify"},{"type":"color","id":"bg_twitter","label":"Background Color","default":"#47a0eb"},{"type":"color","id":"color_twitter","label":"Color","default":"#fff","info":"======================"},{"type":"text","id":"social_vimeo_link","label":"Vimeo","info":"https:\/\/vimeo.com\/shopify"},{"type":"color","id":"bg_vimeo","label":"Background Color","default":"#3a599c"},{"type":"color","id":"color_vimeo","label":"Color","default":"#fff","info":"======================"},{"type":"text","id":"social_instagram_link","label":"Instagram","info":"http:\/\/instagram.com\/shopify"},{"type":"color","id":"bg_instagram","label":"Background Color","default":"#527fa6"},{"type":"color","id":"color_instagram","label":"Color","default":"#fff","info":"======================"},{"type":"text","id":"social_google_plus_link","label":"Google Plus","info":"https:\/\/plus.google.com\/+shopify"},{"type":"color","id":"bg_google","label":"Background Color","default":"#ea4335"},{"type":"color","id":"color_google","label":"Color","default":"#fff","info":"======================"},{"type":"text","id":"social_pinterest_link","label":"Pinterest","info":"https:\/\/pinterest.com\/shopify"},{"type":"color","id":"bg_pinterest","label":"Background Color","default":"#ce3527"},{"type":"color","id":"color_pinterest","label":"Color","default":"#fff","info":"======================"},{"type":"text","id":"social_tumblr_link","label":"Tumblr","info":"http:\/\/shopify.tumblr.com"},{"type":"color","id":"bg_tumblr","label":"Background Color","default":"#3a599c"},{"type":"color","id":"color_tumblr","label":"Color","default":"#fff","info":"======================"},{"type":"text","id":"social_snapchat_link","label":"Snapchat","info":"https:\/\/www.snapchat.com\/add\/shopify"},{"type":"color","id":"bg_snapchat","label":"Background Color","default":"#26b216"},{"type":"color","id":"color_snapchat","label":"Color","default":"#fff","info":"======================"},{"type":"text","id":"social_youtube_link","label":"YouTube","info":"https:\/\/www.youtube.com\/shopify"},{"type":"color","id":"bg_youtube","label":"Background Color","default":"#ea4335"},{"type":"color","id":"color_youtube","label":"Color","default":"#fff"}]},{"name":"Setting Navigations Mobile","settings":[{"type":"color","id":"bg_header_top_mb","label":"Background header Top Mobile","default":"#ccc"},{"type":"color","id":"color_header_top","label":"Color Header Top Mobile","default":"#2a5ee1","info":"======================="},{"type":"color","id":"bg_header_mb","label":"Background header Mobile","default":"#2a5ee1"},{"type":"color","id":"bg_menu_mb","label":"Background Menu Mobile","default":"#fff","info":"======================="},{"type":"color","id":"color_menu_mb","label":"Color Menu Mobile","default":"#fff"},{"type":"color","id":"border_color_menu_mb","label":"Border Color Menu","default":"#e5e5e5"},{"type":"header","content":"Menu Mobile Level 1"},{"type":"color","id":"color_menu_mb_lv1","label":"Menu Color","default":"#505050"},{"type":"color","id":"color_menu_mb_lv1_hover","label":"Menu Color when hover","default":"#0688e2"},{"type":"color","id":"bg_color_menu_mb_lv1_hover","label":"Background Color Menu when hover","default":"#f8f8f8"},{"type":"header","content":"Menu Mobile Level 2"},{"type":"color","id":"color_menu_mb_lv2","label":"Menu Color","default":"#505050"},{"type":"color","id":"color_menu_mb_lv2_hover","label":"Menu Color when hover","default":"#323232"},{"type":"header","content":"Menu Mobile Level 3"},{"type":"color","id":"color_menu_mb_lv3","label":"Menu Color","default":"#505050"},{"type":"color","id":"color_menu_mb_lv3_hover","label":"Menu Color when hover","default":"#0688e2"}]},{"name":"General","settings":[{"type":"image_picker","id":"favicon","label":"Favicon","info":"16px x 16px .png"},{"type":"text","id":"body_font_size","label":"Body Font Size","default":"12","info":"Default Value: 12"},{"type":"header","content":"Open Graph Share"},{"type":"checkbox","id":"enable_opengraph","label":"Enable Open Graph?","default":true},{"type":"image_picker","id":"image_share","label":"Image Share Homepage","info":"Minimum size: 200x200"},{"type":"header","content":"Back To Top Button"},{"type":"checkbox","id":"enable_backtotop","label":"Enable?","default":true},{"type":"header","content":"Color"},{"type":"color","id":"body_bg","label":"Body Background Color","default":"#fff","info":"Default Value: #fff"},{"type":"color","id":"body_color","label":"Body Color","default":"#505050","info":"Default Value: #505050"},{"type":"color","id":"link_color","label":"Link Color","default":"#0688e2","info":"Default Value: #0688e2"},{"type":"color","id":"link_color_hover","label":"Link Color When Hover","default":"#ff5621","info":"Default Value: #ff5621"},{"type":"header","content":"Breadcrumb"},{"type":"checkbox","id":"display_breadcrumb","label":"Display Breadcrumb?","default":true},{"type":"color","id":"breadcrumb_color","label":"Breadcrumb Color","default":"#6c7175","info":"Default Value: #6c7175"},{"type":"color","id":"border_breadcrumb_color","label":"Border Color","default":"#e8eaeb","info":"Default Value: #e8eaeb"},{"type":"select","id":"breadcrumb_text_transform","label":"Breadcrumb Text Transform","options":[{"value":"uppercase","label":"Uppercase"},{"value":"capitalize","label":"Capitalize"},{"value":"lowercase","label":"Lowercase"}],"default":"capitalize","info":"Default Value: Capitalize"},{"type":"header","content":"Header and Title"},{"type":"text","id":"page_title_font_size","label":"Page Title Font Size","default":"22","info":"Default Value: 22"},{"type":"color","id":"page_title_color","label":"Page Title Color","default":"#2d2d2d","info":"Default Value: #2d2d2d"},{"type":"select","id":"page_title_text_align","label":"Page Title Text Align","options":[{"value":"center","label":"Center"},{"value":"left","label":"Left"},{"value":"right","label":"Right"}],"default":"left","info":"Default Value: Left"},{"type":"header","content":"Multiple Filter Choices"},{"type":"checkbox","id":"enable_sidebar_multiple_choice","label":"Enable","default":true,"info":"User can select multiple colors (size, brand...) or only one color (size, brand...)?"},{"type":"header","content":"Product"},{"type":"select","id":"product_name_text_transform","label":"Product Name Text Transform","options":[{"value":"none","label":"None"},{"value":"uppercase","label":"Uppercase"},{"value":"capitalize","label":"Capitalize"},{"value":"lowercase","label":"Lowercase"}],"default":"none","info":"Default Value: None"},{"type":"select","id":"product_name_text_align","label":"Product Name Text Align","options":[{"value":"center","label":"Center"},{"value":"left","label":"Left"},{"value":"right","label":"Right"}],"default":"left","info":"Default Value: Left"},{"type":"color","id":"color_title_product","label":"Color Product Title","default":"#2d2d2d"},{"type":"color","id":"color_title_product_hover","label":"Color Product Title when hover","default":"#2d2d2d"},{"type":"color","id":"color_vendor","label":"Color Vendor","default":"#2d2d2d"},{"type":"header","content":"Label Sale"},{"type":"radio","id":"type_label_sale","label":"Select Label Sale Type:","options":[{"value":"label_sale","label":"Normal Label"},{"value":"discount_sale","label":"% Sale"}],"default":"label_sale"},{"type":"header","content":"Share Code"},{"type":"text","id":"share_text","label":"Share text","default":"Share:"},{"type":"textarea","id":"embed_code_share","label":"Share Icon Embed Code"},{"type":"color","id":"sale_text","label":"Sale Text","default":"#fff"},{"type":"color","id":"bg_sale","label":"Background Sale","default":"#ea3b02","info":"================"},{"type":"color","id":"custom_label_text","label":"Custom Label Text","default":"#fff"},{"type":"color","id":"custom_label_bg","label":"Background Custom Label","default":"#323232","info":"================"},{"type":"color","id":"bundle_label_text","label":"Bundle Label Text","default":"#fff"},{"type":"color","id":"bundle_label_bg","label":"Background Bundle Label","default":"#232323","info":"================"},{"type":"color","id":"new_label_text","label":"New Label Text","default":"#fff"},{"type":"color","id":"new_label_bg","label":"Background New Label","default":"#2a5ee1","info":"================"},{"type":"color","id":"online_only_text","label":"Online Only Label Text","default":"#fff"},{"type":"color","id":"online_only_bg","label":"Background Online Only Label","default":"#282828","info":"================"},{"type":"color","id":"sold_out_text","label":"Sold out Text","default":"#fff"},{"type":"color","id":"bg_sold_out","label":"Background Sold out","default":"#c1cad2","info":"================"},{"type":"color","id":"color_price","label":"Color Price","default":"#232323"},{"type":"color","id":"color_price_sale","label":"Color Price Sale","default":"#e95144"},{"type":"color","id":"color_compare_price","label":"Color Compare Price","default":"#969696","info":"================"},{"type":"color","id":"color_quick_view","label":"Color Icon Quick View ","default":"#858484"},{"type":"color","id":"bg_quick_view","label":"Background Quick View ","default":"#fefefe","info":"================"},{"type":"color","id":"color_wishlist","label":"Color Wishlist Icon","default":"#858484"},{"type":"color","id":"color_br_wishlist","label":"Border Color Wishlist ","default":"#cccccc"},{"type":"color","id":"bg_wishlist","label":"Background Wishlist","default":"#fefefe"},{"type":"header","content":"Image"},{"type":"checkbox","id":"enable_hover_image","label":"Enable blur effect when hover over banners","default":true},{"type":"checkbox","id":"enable_hover_product_image","label":"Enable blur effect when hover over product images","default":true},{"type":"header","content":"Color Swatch"},{"type":"checkbox","id":"use_color_swatch","label":"Use Color Swatch?","default":true},{"type":"text","id":"option_color_swatch","label":"Use circle swatch style","default":"Color"},{"type":"text","id":"color_swatch_option","label":"Use square swatch style","default":"Color;Size"},{"type":"checkbox","id":"show_product_color_img","label":"Enable the ability to get PNG image for custom color","default":false},{"type":"select","id":"color_swatch_style","label":"Color Swatch:","options":[{"value":"normal","label":"Color for Swatch"},{"value":"variant","label":"Variant images for Swatch"},{"value":"variant_grouped","label":"Variant Images Grouped"}],"default":"normal"}]},{"name":"Button","settings":[{"type":"header","content":"Button 1"},{"type":"color","id":"btn_1_bg_color","label":"Button 1 Background Color","default":"#2a5ee1","info":"Default Value: #2a5ee1"},{"type":"color","id":"btn_1_border_color","label":"Button 1 Border Color","default":"#2a5ee1","info":"Default Value: #2a5ee1"},{"type":"color","id":"btn_1_text_color","label":"Button 1 Text Color","default":"#fff","info":"Default Value: #fff"},{"type":"header","content":"Button 2"},{"type":"color","id":"btn_2_bg_color","label":"Button 2 Background Color","default":"#fff","info":"Default Value: #fff"},{"type":"color","id":"btn_2_border_color","label":"Button 2 Border Color","default":"#acb7c1","info":"Default Value: #acb7c1"},{"type":"color","id":"btn_2_text_color","label":"Button 2 Text Color","default":"#2d2d2d","info":"Default Value: #2d2d2d"},{"type":"header","content":"Button 3"},{"type":"color","id":"btn_3_bg_color","label":"Button 3 Background Color","default":"#ea3b02","info":"Default Value: #ea3b02"},{"type":"color","id":"btn_3_border_color","label":"Button 3 Border Color","default":"#ea3b02","info":"Default Value: #ea3b02"},{"type":"color","id":"btn_3_text_color","label":"Button 3 Text Color","default":"#fff","info":"Default Value: #fff"}]},{"name":"Newsletter Popup","settings":[{"type":"checkbox","id":"display_popup_newsletter","label":"Display Newsletter Popup?","default":true},{"type":"select","id":"when_to_show","label":"When To Show","options":[{"value":"first_time","label":"With 'No, thanks' Option"},{"value":"all_the_time","label":"Without 'No, thanks' Option"}],"default":"first_time","info":"Default Value: With 'No, thanks' Option"},{"type":"text","id":"popup_newsletter_expire","label":"Newsletter Popup shows again after (days)","default":"1"},{"type":"text","id":"popup_newsletter_delay","label":"Newsletter Popup Delay Time (seconds)","default":"5"},{"type":"image_picker","id":"newsletter","label":"Upload a new newsletter image"},{"type":"text","id":"popup_newsletter_title","label":"Newsletter Popup Title"},{"type":"textarea","id":"popup_newsletter_des","label":"Newsletter Popup Descriptions"},{"type":"text","id":"popup_newsletter_text_note","label":"Popup Newsletter Text Note"},{"type":"text","id":"newssletter_success_text","label":"Successfully Subscribed Text","default":"You have successfully subscribed!"},{"type":"text","id":"newssletter_error_text","label":"This email has been registered","default":"This email has been registered"},{"type":"header","content":"Social"},{"type":"checkbox","id":"display_popup_social","label":"Display Popup Newsletter?","default":true}]},{"name":"Wishlist","settings":[{"type":"checkbox","id":"enable_wishlist","label":"Enable wishlist","default":true},{"type":"checkbox","id":"enable_wishlist_mobile","label":"Enable wishlist On Tablet and Mobile","default":true}]},{"name":"Product Tab Homepage","settings":[{"type":"range","id":"slider_tab_product_limit_all","label":"Number of new products to show","min":3,"max":50,"step":1,"default":7}]},{"name":"Product Image","settings":[{"type":"checkbox","id":"image_swap","label":"Use Image Swap","default":true},{"type":"checkbox","id":"product_image_border","label":"Use border?"},{"type":"color","id":"product_image_border_color","label":"Border Color"},{"type":"checkbox","id":"product_image_resize","label":"Resize image?","info":"If your images don't have the same size, pleases turn on resize image to have better look."},{"type":"text","id":"margin_bottom_items_product","label":"Margin Bottom Of Product","default":"0px","info":"Use for resize image"},{"type":"checkbox","id":"product_image_crop","label":"Crop image? (Resize Image First)","info":"All product images will have same height"},{"type":"text","id":"product_image_height","label":"Image Height (%)","default":"130","info":"Use for resize\/crop image"},{"type":"checkbox","id":"show_vendor","label":"Show product vendors","default":true},{"type":"checkbox","id":"display_product_reviews","label":"Show Reviews","default":true},{"type":"text","id":"embed_code_review","label":"Reviews Code"},{"type":"checkbox","id":"display_item_swatch","label":"Show Color Variant","default":true},{"type":"checkbox","id":"display_button","label":"Show Select Option\/ Add to cart Button","default":true},{"type":"checkbox","id":"collection_infinite_scrolling","label":"Enable Infinite Scrolling (Show More Button)","default":false}]},{"name":"Compare Product","settings":[{"type":"checkbox","id":"enable_compare_product","label":"Enable Compare","default":true},{"type":"header","content":"Product Options"},{"type":"text","id":"product_option_1","label":"Product Option 1","default":"Color"},{"type":"text","id":"product_option_2","label":"Product Option 2","default":"Product Options"},{"type":"checkbox","id":"enable_compare_iamge","label":"Show Image","default":true},{"type":"checkbox","id":"enable_compare_title","label":"Show Title","default":true},{"type":"checkbox","id":"enable_compare_price","label":"Show Price","default":true},{"type":"checkbox","id":"enable_compare_color","label":"Show Color","default":true},{"type":"checkbox","id":"enable_compare_size","label":"Show Size","default":true},{"type":"checkbox","id":"enable_compare_rating","label":"Show Rating","default":true},{"type":"checkbox","id":"enable_compare_availability","label":"Show Availability","default":true},{"type":"checkbox","id":"enable_compare_description","label":"Show Description","default":true},{"type":"checkbox","id":"enable_compare_AC","label":"Show Button Add To Cart","default":true}]},{"name":"Products Quickview","settings":[{"type":"checkbox","id":"enable_quick_view","label":"Enable quickview","default":true},{"type":"checkbox","id":"enable_quick_view_mb","label":"Enable quickview On Mobile and Tablet","default":false},{"type":"checkbox","id":"qv_display_product_reviews","label":"Display Product Reviews?","default":true},{"type":"header","content":"The number of products has been sold"},{"type":"checkbox","id":"qv_show_sold_in","label":"Enabled","default":true},{"type":"textarea","id":"qv_item_prd","label":"The number of products","default":"3,5,6,7,8,10,12,15"},{"type":"text","id":"qv_item_prds","label":"Text Sold in","default":"sold in last"},{"type":"textarea","id":"qv_hours_prs","label":"Hours","default":"10,15,16,17,18,20,25,35"},{"type":"text","id":"qv_item_hours","label":"Text Hours","default":"hours"},{"type":"header","content":"Product Infor"},{"type":"checkbox","id":"display_quickview_vendor","label":"Display Product Vendor?","default":true},{"type":"text","id":"quickview_text_vendor","label":"Text Product Vendor","default":"Product Vendor"},{"type":"checkbox","id":"display_quickview_product_sku","label":"Display Product SKU?","default":true},{"type":"text","id":"text_quickview_product_sku","label":"Text Product SKU","default":"SKU:"},{"type":"checkbox","id":"display_quickview_availability","label":"Display Availability?","default":true},{"type":"text","id":"quickview_text_availability","label":"Text Availability","default":"Availability"},{"type":"checkbox","id":"display_quickview_product_type","label":"Display Product Type?","default":true},{"type":"text","id":"quickview_text_product_type","label":"Text Product Type","default":"Product Type"},{"type":"text","id":"quickview_text_countdown","label":"Text Countdown","default":"Limited-Time Offers, End in:"},{"type":"checkbox","id":"display_quickview_short_desc","label":"Display Short Description?","default":true},{"type":"checkbox","id":"display_quickview_subtotal","label":"Display Subtotal?","default":true},{"type":"header","content":"Customers viewing"},{"type":"checkbox","id":"dpl_customers_view_qv","label":"Display Customers viewing","default":true},{"type":"text","id":"title_view_qv","label":"Title","default":"customers are viewing this product"},{"type":"textarea","id":"number_view_qv","label":"Number of customers viewing","default":"283, 100, 59, 11, 14, 185, 193, 165, 50, 38, 99, 112, 46, 10, 125, 200, 250, 18","info":"Please enter the number"},{"type":"checkbox","id":"display_product_detail_share","label":"Display Product Share?","default":true},{"type":"checkbox","id":"display_trust_img","label":"Display Trust Image?","default":true},{"type":"image_picker","id":"img_trust","label":"Image Trust"},{"type":"checkbox","id":"display_video_quickview","label":"Display Video Quickview","default":true},{"type":"color","id":"video_product_icon","label":"Icon color","default":"#787878","info":"Default Value: #787878"},{"type":"checkbox","id":"display_text_zoom","label":"Display Text Zoom Image","default":true},{"type":"text","id":"text_zoom_image","label":"Text Zoom Image","default":"Zoom the image with the mouse"}]},{"name":"Ask An Expert in Product Page","settings":[{"type":"checkbox","id":"enable_ask_an_expert","label":"Enable","default":true},{"type":"textarea","id":"ask_an_expert","label":"Text","default":"Have Questions? Ask An Expert"},{"type":"text","id":"ask_an_expert_header","label":"Header","default":"Have Questions?"},{"type":"textarea","id":"ask_an_expert_title","label":"Title","default":"Ask the Fashion Expert anything on Shopbe Boutique"},{"type":"textarea","id":"ask_an_expert_des","label":"Descriptions","default":"We will follow up with you via email within 24-36 hours"},{"type":"textarea","id":"ask_an_expert_questions","label":"Text","default":"Please answer the following questionnaire"},{"type":"header","content":"Do You Need"},{"type":"checkbox","id":"enable_ask_do_you_need","label":"Enable","default":true},{"type":"textarea","id":"ask_do_you_need","label":"Label","default":"Do You Need"},{"type":"textarea","id":"ask_do_you_need_1","label":"Infor 1","default":"Pricing"},{"type":"textarea","id":"ask_do_you_need_2","label":"Infor 2","default":"Answers"},{"type":"textarea","id":"ask_do_you_need_3","label":"Infor 3","default":"Both"},{"type":"header","content":"Message"},{"type":"textarea","id":"ask_form_mess","label":"Label","default":"What can i help you with today ?"},{"type":"header","content":"How would you like me to contact you?"},{"type":"checkbox","id":"enable_how_would_you_like_me_to_contact_you","label":"Enable","default":true},{"type":"textarea","id":"how_would_you_like_me_to_contact_you","label":"Label","default":"How would you like me to contact you?"},{"type":"textarea","id":"contact_with_you_1","label":"Infor 1","default":"Phone"},{"type":"textarea","id":"contact_with_you_2","label":"Infor 2","default":"Email"},{"type":"textarea","id":"contact_with_you_3","label":"Infor 3","default":"Both"}]},{"name":"Size Chart","settings":[{"type":"checkbox","id":"display_size_chart","label":"Display Size Chart?","default":true},{"type":"text","id":"size_guide_text","label":"Size Guide Text","default":"Size Chart"},{"type":"header","content":"Title"},{"type":"text","id":"custom_size_chart_header","label":"Header","default":"Guide to watch case sizing"},{"type":"color","id":"color_title_sc","label":" Color Title","default":"#fff"},{"type":"color","id":"back_title_sc","label":" Background Title","default":"#37353c"},{"type":"header","content":"Sub Title"},{"type":"textarea","id":"custom_size_chart_content","label":"Sub Header","default":"Use this guide to help understand how different watch case sizes will look on your wrist"},{"type":"color","id":"color_sub_title_sc","label":" Color Sub Title","default":"#37353c"},{"type":"color","id":"back_sub_title_sc","label":" Background Sub Title","default":"#f0f0f0"},{"type":"select","id":"size_chart","label":"Using different size charts for products by following","options":[{"value":"none","label":"None"},{"value":"product_vendor","label":"Product Vendor"},{"value":"product_type","label":"Product Type"},{"value":"different","label":"Each of size chart for each of product"}],"default":"none","info":"Default Value: None"},{"type":"image_picker","id":"custom_size_chart","label":"Size Chart Image","info":"Select Image if you would like to show the same Size Chart for all products"}]},{"name":"Cart","settings":[{"type":"header","content":"Ajax Cart"},{"type":"select","id":"ajax_popup_cart","label":"Popup Ajax Cart","default":"normal","options":[{"value":"normal","label":"Normal"},{"value":"none","label":"None"}]},{"type":"header","content":"Terms and conditions Checkbox"},{"type":"checkbox","id":"enable_condition_checkbox","label":"Enable","default":true},{"type":"text","id":"terms_and_conditions_text","label":"Terms and conditions text","default":"I agree with the terms and conditions"},{"type":"header","content":"Secure Shopping Guarantee."},{"type":"textarea","id":"secure_text","label":"Secure Shopping Guarantee Text","default":"Secure Shopping Guarantee."},{"type":"header","content":"Shipping rate calculator"},{"type":"checkbox","id":"show_shipping_calculator","label":"Display shipping rates calculator","default":true},{"type":"text","id":"shipping_calculator_heading","label":"Get Shipping Estimates","default":"Get Shipping Estimates"},{"type":"select","id":"shipping_calculator_default_country","label":"Shipping Rates Calculator default country selection","options":[{"value":"","label":"-- Please Select --"},{"value":"Vietnam","label":"Vietnam"},{"value":"Canada","label":"Canada"},{"value":"Australia","label":"Australia"},{"value":"Afghanistan","label":"Afghanistan"},{"value":"Aland Islands","label":"Aland Islands"},{"value":"Albania","label":"Albania"},{"value":"Algeria","label":"Algeria"},{"value":"Andorra","label":"Andorra"},{"value":"Angola","label":"Angola"},{"value":"Anguilla","label":"Anguilla"},{"value":"Antigua And Barbuda","label":"Antigua And Barbuda"},{"value":"Argentina","label":"Argentina"},{"value":"Armenia","label":"Armenia"},{"value":"Aruba","label":"Aruba"},{"value":"Austria","label":"Austria"},{"value":"Azerbaijan","label":"Azerbaijan"},{"value":"Bahamas","label":"Bahamas"},{"value":"Bahrain","label":"Bahrain"},{"value":"Bangladesh","label":"Bangladesh"},{"value":"Barbados","label":"Barbados"},{"value":"Belarus","label":"Belarus"},{"value":"Belgium","label":"Belgium"},{"value":"Belize","label":"Belize"},{"value":"Benin","label":"Benin"},{"value":"Bermuda","label":"Bermuda"},{"value":"Bhutan","label":"Bhutan"},{"value":"Bolivia","label":"Bolivia"},{"value":"Bosnia And Herzegovina","label":"Bosnia And Herzegovina"},{"value":"Botswana","label":"Botswana"},{"value":"Bouvet Island","label":"Bouvet Island"},{"value":"Brazil","label":"Brazil"},{"value":"British Indian Ocean Territory","label":"British Indian Ocean Territory"},{"value":"Brunei","label":"Brunei"},{"value":"Bulgaria","label":"Bulgaria"},{"value":"Burkina Faso","label":"Burkina Faso"},{"value":"Burma","label":"Burma"},{"value":"Burundi","label":"Burundi"},{"value":"Cambodia","label":"Cambodia"},{"value":"Cape Verde","label":"Cape Verde"},{"value":"Cayman Islands","label":"Cayman Islands"},{"value":"Central African Republic","label":"Central African Republic"},{"value":"Chad","label":"Chad"},{"value":"Chile","label":"Chile"},{"value":"China","label":"China"},{"value":"Christmas Island","label":"Christmas Island"},{"value":"Cocos (Keeling) Islands","label":"Cocos (Keeling) Islands"},{"value":"Colombia","label":"Colombia"},{"value":"Comoros","label":"Comoros"},{"value":"Congo","label":"Congo"},{"value":"Congo, The Democratic Republic Of The","label":"Congo, The Democratic Republic Of The"},{"value":"Cook Islands","label":"Cook Islands"},{"value":"Costa Rica","label":"Costa Rica"},{"value":"Croatia","label":"Croatia"},{"value":"Cuba","label":"Cuba"},{"value":"Curaçao","label":"Curaçao"},{"value":"Cyprus","label":"Cyprus"},{"value":"Czech Republic","label":"Czech Republic"},{"value":"Côte d'Ivoire","label":"Côte d'Ivoire"},{"value":"Denmark","label":"Denmark"},{"value":"Djibouti","label":"Djibouti"},{"value":"Dominica","label":"Dominica"},{"value":"Dominican Republic","label":"Dominican Republic"},{"value":"Ecuador","label":"Ecuador"},{"value":"Egypt","label":"Egypt"},{"value":"El Salvador","label":"El Salvador"},{"value":"Equatorial Guinea","label":"Equatorial Guinea"},{"value":"Eritrea","label":"Eritrea"},{"value":"Estonia","label":"Estonia"},{"value":"Ethiopia","label":"Ethiopia"},{"value":"Falkland Islands (Malvinas)","label":"Falkland Islands (Malvinas)"},{"value":"Faroe Islands","label":"Faroe Islands"},{"value":"Fiji","label":"Fiji"},{"value":"Finland","label":"Finland"},{"value":"France","label":"France"},{"value":"French Guiana","label":"French Guiana"},{"value":"French Polynesia","label":"French Polynesia"},{"value":"French Southern Territories","label":"French Southern Territories"},{"value":"Gabon","label":"Gabon"},{"value":"Gambia","label":"Gambia"},{"value":"Georgia","label":"Georgia"},{"value":"Germany","label":"Germany"},{"value":"Ghana","label":"Ghana"},{"value":"Gibraltar","label":"Gibraltar"},{"value":"Greece","label":"Greece"},{"value":"Greenland","label":"Greenland"},{"value":"Grenada","label":"Grenada"},{"value":"Guadeloupe","label":"Guadeloupe"},{"value":"Guatemala","label":"Guatemala"},{"value":"Guernsey","label":"Guernsey"},{"value":"Guinea","label":"Guinea"},{"value":"Guinea Bissau","label":"Guinea Bissau"},{"value":"Guyana","label":"Guyana"},{"value":"Haiti","label":"Haiti"},{"value":"Heard Island And Mcdonald Islands","label":"Heard Island And Mcdonald Islands"},{"value":"Holy See (Vatican City State)","label":"Holy See (Vatican City State)"},{"value":"Honduras","label":"Honduras"},{"value":"Hong Kong","label":"Hong Kong"},{"value":"Hungary","label":"Hungary"},{"value":"Iceland","label":"Iceland"},{"value":"India","label":"India"},{"value":"Indonesia","label":"Indonesia"},{"value":"Iran, Islamic Republic Of","label":"Iran, Islamic Republic Of"},{"value":"Iraq","label":"Iraq"},{"value":"Ireland","label":"Ireland"},{"value":"Isle Of Man","label":"Isle Of Man"},{"value":"Israel","label":"Israel"},{"value":"Italy","label":"Italy"},{"value":"Jamaica","label":"Jamaica"},{"value":"Japan","label":"Japan"},{"value":"Jersey","label":"Jersey"},{"value":"Jordan","label":"Jordan"},{"value":"Kazakhstan","label":"Kazakhstan"},{"value":"Kenya","label":"Kenya"},{"value":"Kiribati","label":"Kiribati"},{"value":"Korea, Democratic People's Republic Of","label":"Korea, Democratic People's Republic Of"},{"value":"Kosovo","label":"Kosovo"},{"value":"Kuwait","label":"Kuwait"},{"value":"Kyrgyzstan","label":"Kyrgyzstan"},{"value":"Lao People's Democratic Republic","label":"Lao People's Democratic Republic"},{"value":"Latvia","label":"Latvia"},{"value":"Lebanon","label":"Lebanon"},{"value":"Lesotho","label":"Lesotho"},{"value":"Liberia","label":"Liberia"},{"value":"Libyan Arab Jamahiriya","label":"Libyan Arab Jamahiriya"},{"value":"Liechtenstein","label":"Liechtenstein"},{"value":"Lithuania","label":"Lithuania"},{"value":"Luxembourg","label":"Luxembourg"},{"value":"Macao","label":"Macao"},{"value":"Macedonia, Republic Of","label":"Macedonia, Republic Of"},{"value":"Madagascar","label":"Madagascar"},{"value":"Malawi","label":"Malawi"},{"value":"Malaysia","label":"Malaysia"},{"value":"Maldives","label":"Maldives"},{"value":"Mali","label":"Mali"},{"value":"Malta","label":"Malta"},{"value":"Martinique","label":"Martinique"},{"value":"Mauritania","label":"Mauritania"},{"value":"Mauritius","label":"Mauritius"},{"value":"Mayotte","label":"Mayotte"},{"value":"Mexico","label":"Mexico"},{"value":"Moldova, Republic of","label":"Moldova, Republic of"},{"value":"Monaco","label":"Monaco"},{"value":"Mongolia","label":"Mongolia"},{"value":"Montenegro","label":"Montenegro"},{"value":"Montserrat","label":"Montserrat"},{"value":"Morocco","label":"Morocco"},{"value":"Mozambique","label":"Mozambique"},{"value":"Namibia","label":"Namibia"},{"value":"Nauru","label":"Nauru"},{"value":"Nepal","label":"Nepal"},{"value":"Netherlands","label":"Netherlands"},{"value":"Netherlands Antilles","label":"Netherlands Antilles"},{"value":"New Caledonia","label":"New Caledonia"},{"value":"New Zealand","label":"New Zealand"},{"value":"Nicaragua","label":"Nicaragua"},{"value":"Niger","label":"Niger"},{"value":"Nigeria","label":"Nigeria"},{"value":"Niue","label":"Niue"},{"value":"Norfolk Island","label":"Norfolk Island"},{"value":"Norway","label":"Norway"},{"value":"Oman","label":"Oman"},{"value":"Pakistan","label":"Pakistan"},{"value":"Palestinian Territory, Occupied","label":"Palestinian Territory, Occupied"},{"value":"Panama","label":"Panama"},{"value":"Papua New Guinea","label":"Papua New Guinea"},{"value":"Paraguay","label":"Paraguay"},{"value":"Peru","label":"Peru"},{"value":"Philippines","label":"Philippines"},{"value":"Pitcairn","label":"Pitcairn"},{"value":"Poland","label":"Poland"},{"value":"Portugal","label":"Portugal"},{"value":"Qatar","label":"Qatar"},{"value":"Republic of Cameroon","label":"Republic of Cameroon"},{"value":"Reunion","label":"Reunion"},{"value":"Romania","label":"Romania"},{"value":"Russia","label":"Russia"},{"value":"Rwanda","label":"Rwanda"},{"value":"Saint Barthélemy","label":"Saint Barthélemy"},{"value":"Saint Helena","label":"Saint Helena"},{"value":"Saint Kitts And Nevis","label":"Saint Kitts And Nevis"},{"value":"Saint Lucia","label":"Saint Lucia"},{"value":"Saint Martin","label":"Saint Martin"},{"value":"Saint Pierre And Miquelon","label":"Saint Pierre And Miquelon"},{"value":"Samoa","label":"Samoa"},{"value":"San Marino","label":"San Marino"},{"value":"Sao Tome And Principe","label":"Sao Tome And Principe"},{"value":"Saudi Arabia","label":"Saudi Arabia"},{"value":"Senegal","label":"Senegal"},{"value":"Serbia","label":"Serbia"},{"value":"Seychelles","label":"Seychelles"},{"value":"Sierra Leone","label":"Sierra Leone"},{"value":"Singapore","label":"Singapore"},{"value":"Slovakia","label":"Slovakia"},{"value":"Slovenia","label":"Slovenia"},{"value":"Solomon Islands","label":"Solomon Islands"},{"value":"Somalia","label":"Somalia"},{"value":"South Africa","label":"South Africa"},{"value":"South Georgia And The South Sandwich Islands","label":"South Georgia And The South Sandwich Islands"},{"value":"South Korea","label":"South Korea"},{"value":"Spain","label":"Spain"},{"value":"Sri Lanka","label":"Sri Lanka"},{"value":"St. Vincent","label":"St. Vincent"},{"value":"Sudan","label":"Sudan"},{"value":"Suriname","label":"Suriname"},{"value":"Svalbard And Jan Mayen","label":"Svalbard And Jan Mayen"},{"value":"Swaziland","label":"Swaziland"},{"value":"Sweden","label":"Sweden"},{"value":"Switzerland","label":"Switzerland"},{"value":"Syria","label":"Syria"},{"value":"Taiwan","label":"Taiwan"},{"value":"Tajikistan","label":"Tajikistan"},{"value":"Tanzania, United Republic Of","label":"Tanzania, United Republic Of"},{"value":"Thailand","label":"Thailand"},{"value":"Timor Leste","label":"Timor Leste"},{"value":"Togo","label":"Togo"},{"value":"Tokelau","label":"Tokelau"},{"value":"Tonga","label":"Tonga"},{"value":"Trinidad and Tobago","label":"Trinidad and Tobago"},{"value":"Tunisia","label":"Tunisia"},{"value":"Turkey","label":"Turkey"},{"value":"Turkmenistan","label":"Turkmenistan"},{"value":"Turks and Caicos Islands","label":"Turks and Caicos Islands"},{"value":"Tuvalu","label":"Tuvalu"},{"value":"Uganda","label":"Uganda"},{"value":"Ukraine","label":"Ukraine"},{"value":"United Arab Emirates","label":"United Arab Emirates"},{"value":"United Kingdom","label":"United Kingdom"},{"value":"United States","label":"United States"},{"value":"United States Minor Outlying Islands","label":"United States Minor Outlying Islands"},{"value":"Uruguay","label":"Uruguay"},{"value":"Uzbekistan","label":"Uzbekistan"},{"value":"Vanuatu","label":"Vanuatu"},{"value":"Venezuela","label":"Venezuela"},{"value":"Virgin Islands, British","label":"Virgin Islands, British"},{"value":"Wallis And Futuna","label":"Wallis And Futuna"},{"value":"Western Sahara","label":"Western Sahara"},{"value":"Yemen","label":"Yemen"},{"value":"Zambia","label":"Zambia"},{"value":"Zimbabwe","label":"Zimbabwe"}],"default":"Canada"},{"type":"paragraph","content":"If your customer is logged-in, the country in his default shipping address will be selected. If you are not sure about the spelling to use above, refer to your first checkout page."},{"type":"header","content":"Dropdown Cart"},{"type":"select","id":"redirect_button","label":"Redirect Continue Shopping button","default":"link_to","options":[{"value":"link_to","label":"Input link for button"},{"value":"go_back","label":"Go back to previous page"},{"value":"none","label":"Stay on the same page"}]},{"type":"text","id":"link_to_redirect","label":"Link","default":"\/collections\/all","info":"Use for Option: Input link for button"}]},{"name":"Register and Login Page","settings":[{"type":"text","id":"title_login","label":"Text Title Login Account","default":"Login"},{"type":"textarea","id":"login_text_desc","label":"Text Description - Login Page","default":"If you are already registered, please log in.","info":"========================"},{"type":"text","id":"title_register","label":"Text Title Register Account","default":"Register"},{"type":"textarea","id":"register_text_desc","label":"Text Description - Register Account","default":"Create your account and enjoy a new shopping experience."}]},{"name":"Search","settings":[{"type":"header","content":"Search Page"},{"type":"text","id":"search_1","label":"Your search for (no results html)","default":"Your search for | Ihre Suche nach"},{"type":"text","id":"search_2","label":"did not yield any results (no results html)","default":"did not yield any results. | hat keine Ergebnisse hervorgebracht. "},{"type":"text","id":"search_3","label":"Your search for (results for html)","default":"Your search for | Ihre Suche nach"},{"type":"text","id":"search_4","label":"revealed the following (results for html)","default":"revealed the following: | hat folgende Ergebnisse hervorgebracht:"},{"type":"header","content":"Trending"},{"type":"checkbox","id":"enable_search_trending","label":"Enable","default":true},{"type":"text","id":"trending_search_title","label":"Title","default":"trending","info":"==================="},{"type":"text","id":"trending_search_item_1","label":"Search Item 1","default":"dempus"},{"type":"text","id":"trending_search_item_2","label":"Search Item 2","default":"sample"},{"type":"text","id":"trending_search_item_3","label":"Search Item 3","default":"magnis"},{"type":"text","id":"trending_search_item_4","label":"Search Item 4","default":"loremous saliduar"},{"type":"text","id":"trending_search_item_5","label":"Search Item 5","default":"naminos"},{"type":"text","id":"trending_search_item_6","label":"Search Item 6","default":"dinterdum","info":"==================="},{"type":"header","content":"Popular Products"},{"type":"checkbox","id":"enable_search_popular_products","label":"Enable","default":true},{"type":"text","id":"popular_products_search_title","label":"Title","default":"Popular Products","info":"==================="},{"type":"collection","id":"popular_products_collection","label":"Collection to use","info":"==================="},{"type":"range","id":"popular_products_limit","label":"Number of new products to show","min":3,"max":6,"step":1,"default":3}]},{"name":"Money options","settings":[{"type":"checkbox","id":"enable_shopify_payments_currencies","label":"Enalble Shopify Payments?","info":"* Only avaiable for store has Shopify Payments. Link [here](https:\/\/help.shopify.com\/en\/manual\/payments\/shopify-payments\/multi-currency\/setup). Don't choose both of 3 options. Don't choose Shopify payment with other options.","default":false},{"type":"checkbox","id":"enable_multiple_currencies","label":"Enable Multiple Currencies?","default":true},{"type":"checkbox","id":"enable_auto_currency","label":"Enable Automatic currency?","default":false},{"type":"text","id":"currency_1_unit","label":"Currency 1 unit Text","default":"AUD"},{"type":"image","id":"i-currency-1.png","label":"Currency 1 unit Icon"},{"type":"text","id":"currency_2_unit","label":"Currency 2 unit Text","default":"EUR"},{"type":"image","id":"i-currency-2.png","label":"Currency 2 unit Icon"},{"type":"text","id":"currency_3_unit","label":"Currency 3 unit Text","default":"GBP"},{"type":"image","id":"i-currency-3.png","label":"Currency 3 unit Icon"},{"type":"text","id":"currency_4_unit","label":"Currency 4 unit Text","default":"USD"},{"type":"image","id":"i-currency-4.png","label":"Currency 4 unit Icon"},{"type":"text","id":"currency_5_unit","label":"Currency 5 unit Text"},{"type":"image","id":"i-currency-5.png","label":"Currency 5 unit Icon"},{"type":"text","id":"currency_6_unit","label":"Currency 6 unit Text"},{"type":"image","id":"i-currency-6.png","label":"Currency 6 unit Icon"},{"type":"text","id":"currency_7_unit","label":"Currency 7 unit Text"},{"type":"image","id":"i-currency-7.png","label":"Currency 7 unit Icon"},{"type":"text","id":"currency_8_unit","label":"Currency 8 unit Text"},{"type":"image","id":"i-currency-8.png","label":"Currency 8 unit Icon"},{"type":"text","id":"currency_9_unit","label":"Currency 9 unit Text"},{"type":"image","id":"i-currency-9.png","label":"Currency 9 unit Icon"},{"type":"text","id":"currency_10_unit","label":"Currency 10 unit Text"},{"type":"image","id":"i-currency-10.png","label":"Currency 10 unit Icon"},{"type":"paragraph","content":"Separate your currency codes with a space. Use the ISO 4217 3-letter currency code. Click [here](http:\/\/www.xe.com\/iso4217.php) for a complete list of currency codes. Example: CAD USD."},{"type":"paragraph","content":"* For this functionality to work in your shop, you are required to edit your money formats as per [these instructions](http:\/\/help.shopify.com\/en\/themes\/customization\/currencies) (“Do tell where the money is”)."}]},{"name":"Fonts","settings":[{"type":"header","content":"Heading And Buttons"},{"type":"radio","id":"font_2","label":"Select font type:","options":[{"value":"normal_fonts","label":"Normal Fonts"},{"value":"google_fonts","label":"Google Fonts [Where do I find Google Fonts?](http:\/\/www.google.com\/fonts)"},{"value":"shopify_fonts","label":"Shopify Font"}],"default":"google_fonts"},{"type":"text","id":"fonts_name_2","label":"Fonts Name","default":"Poppins","info":"(this option uses for Normal font and Google font)"},{"type":"font_picker","id":"header_font_new","label":"Font","default":"work_sans_n6","info":"(this option uses for Shopify font)"},{"type":"header","content":"Body Text"},{"type":"radio","id":"font","label":"Select font type:","options":[{"value":"normal_fonts","label":"Normal Fonts"},{"value":"google_fonts","label":"Google Fonts [Where do I find Google Fonts?](http:\/\/www.google.com\/fonts)"},{"value":"shopify_fonts","label":"Shopify Font"}],"default":"google_fonts"},{"type":"text","id":"fonts_name","label":"Fonts Name","default":"Poppins","info":"(this option uses for Normal font and Google font)"},{"type":"font_picker","id":"base_font_new","label":"Font","default":"work_sans_n6","info":"(this option uses for Shopify font)"}]},{"name":"Recently Viewed Products","settings":[{"type":"checkbox","id":"enable_recently_viewed_products","label":"Enable Recently Viewed Products","default":true},{"type":"checkbox","id":"enable_recently_viewed_products_mb","label":"Enable Recently Viewed Products On Mobile","default":true},{"type":"radio","id":"layout_recently","label":"Layout Recently","options":[{"value":"default","label":"Default"},{"value":"icon","label":"Icon"}],"default":"default"},{"type":"image_picker","id":"icon_logo_empty","label":"Empty Icon"},{"type":"textarea","id":"logo_empty_svg","label":"Empty Icon For Svg"},{"type":"text","id":"empty_text","label":"Empty Text","default":"Sorry, there are no products."},{"type":"text","id":"recently_viewed_products_title","label":"Recently Viewed Products"},{"type":"checkbox","id":"recently_viewed_products_cart","label":"Show Cart","default":true},{"type":"number","id":"number_of_recently_viewed_products","label":"Number products"},{"type":"number","id":"recently_viewed_products_expires_date","label":"Expires Date"},{"type":"header","content":"Promotion Slider"},{"type":"checkbox","id":"enable_promotion","label":"Enable Promotion Slider","default":true},{"type":"color","id":"background_pro","label":"background Color","default":"#edebf7"},{"type":"color","id":"color_pro","label":"Color","default":"#3c3c3c"},{"type":"textarea","id":"promotion_text_1","label":"Promotion Text 1"},{"type":"textarea","id":"promotion_text_2","label":"Promotion Text 2"},{"type":"textarea","id":"promotion_text_3","label":"Promotion Text 3"},{"type":"header","content":"Back To Top"},{"type":"text","id":"btt_text","label":"Text","default":"Top"}]}]