{"sections":{"breadcrumbs":{"type":"breadcrumbs","settings":{}},"main":{"type":"main-article","blocks":{"header":{"type":"article_header","settings":{}},"article_image":{"type":"article_image","settings":{}},"article_content":{"type":"article_content","settings":{}},"article_info":{"type":"article_info","settings":{"center_align":false,"show_date":true,"show_author":true}},"social_sharing":{"type":"social_sharing","settings":{"show_twitter":true,"show_facebook":true,"show_pinterest":true}}},"block_order":["header","article_image","article_content","article_info","social_sharing"],"settings":{"page_width":80}}},"order":["breadcrumbs","main"]}