{"sections":{"banner":{"type":"banner-image","settings":{"banner_height":400}},"breadcrumbs":{"type":"breadcrumbs","settings":{}},"main":{"type":"main-blog","settings":{"text":"<p>Add some descriptive text to your Blog page.<\/p>","center_align":true,"grid":3,"show_date":true,"show_author":true,"show_tags":true,"show_button":true}},"1626903855bd0c01db":{"type":"newsletter","settings":{"no_top_margin":false,"heading":"Subscribe to our newsletter","newsletter_subheading":"<p>Signup for our newsletter to stay up to date on sales and events.<\/p>","newsletter_gdpr_text":"*By completing this form you're signing up to receive our emails and can unsubscribe at any time","color":"#000000","background_color":"#f7f7f7"}}},"order":["banner","breadcrumbs","main","1626903855bd0c01db"]}