{"sections":{"banner":{"type":"main-collection-banner","disabled":true,"settings":{"display_wide":true}},"16269026041987f823":{"type":"slideshow","blocks":{"16269026041987f823-0":{"type":"image","settings":{"overlay":false,"text_align":"left","caption_horizontal":50,"caption_vertical":50,"hide_caption_background":false,"caption_below":false,"heading":"Slide image title","subheading":"<p>Slide image subheading<\/p>","link":"","button_text":"Add a button","second_link":"","second_button_text":"Button 2 text","slide_text_color":"#000000","cta_color":"#ffffff","cta_background":"#000000","caption_background":"transparent","caption_background_opacity":20}},"16269026041987f823-1":{"type":"image","settings":{"overlay":false,"text_align":"left","caption_horizontal":50,"caption_vertical":50,"hide_caption_background":false,"caption_below":false,"heading":"Slide image title","subheading":"<p>Slide image subheading<\/p>","link":"","button_text":"Add a button","second_link":"","second_button_text":"Button 2 text","slide_text_color":"#000000","cta_color":"#ffffff","cta_background":"#000000","caption_background":"transparent","caption_background_opacity":20}}},"block_order":["16269026041987f823-0","16269026041987f823-1"],"settings":{"display_wide":true,"no_top_margin":true,"no_autoplay":false,"slider_speed":5,"pager":"dots","slide_heading_size":22,"subheading_size":14,"cta_size":14}},"16269026783373f491":{"type":"rich-text","blocks":{"16269026783373f491-0":{"type":"text_block","settings":{"title":"Welcome","text":"<p>The theme includes a pre-made Collection landing page template.<\/p><p>Add some content using the powerful  editing tools and choose from a large list of available sections.<\/p>","page":"","center":true,"block_width":100}}},"block_order":["16269026783373f491-0"],"settings":{"padding":60,"text_color":"#000000","background_color":"#ffffff"}},"main":{"type":"main-collection","settings":{"products_per_page":30,"products_per_row":3,"sort_by":false,"description_position":"bottom"}},"1626902720a5f0e3a5":{"type":"collection-list","blocks":{"1626902720a5f0e3a5-0":{"type":"featured_collection","settings":{"collection":""}},"1626902720a5f0e3a5-1":{"type":"featured_collection","settings":{"collection":""}},"1626902720a5f0e3a5-2":{"type":"featured_collection","settings":{"collection":""}}},"block_order":["1626902720a5f0e3a5-0","1626902720a5f0e3a5-1","1626902720a5f0e3a5-2"],"settings":{"no_top_margin":false,"title":"Collection list","grid":3,"title_position":"below","collection_count":false}},"1626902675f0b7bdd3":{"type":"newsletter","settings":{"no_top_margin":false,"heading":"Subscribe to our newsletter","newsletter_subheading":"<p>Signup for our newsletter to stay up to date on sales and events.<\/p>","newsletter_gdpr_text":"*By completing this form you're signing up to receive our emails and can unsubscribe at any time","color":"#000000","background_color":"#f7f7f7"}}},"order":["banner","16269026041987f823","16269026783373f491","main","1626902720a5f0e3a5","1626902675f0b7bdd3"]}