{"sections":{"1625671734793532ca":{"type":"slideshow","blocks":{"1625671734793532ca-0":{"type":"image","settings":{"overlay":false,"text_align":"left","caption_horizontal":50,"caption_vertical":50,"hide_caption_background":false,"caption_below":false,"heading":"Slide image title","subheading":"<p>Slide image subheading<\/p>","link":"","button_text":"Add a button","second_link":"","second_button_text":"Button 2 text","slide_text_color":"#000000","cta_color":"#ffffff","cta_background":"#000000","caption_background":"transparent","caption_background_opacity":20}},"1625671734793532ca-1":{"type":"image","settings":{"overlay":false,"text_align":"left","caption_horizontal":50,"caption_vertical":50,"hide_caption_background":false,"caption_below":false,"heading":"Slide image title","subheading":"<p>Slide image subheading<\/p>","link":"","button_text":"Add a button","second_link":"","second_button_text":"Button 2 text","slide_text_color":"#000000","cta_color":"#ffffff","cta_background":"#000000","caption_background":"transparent","caption_background_opacity":20}}},"block_order":["1625671734793532ca-0","1625671734793532ca-1"],"settings":{"display_wide":true,"slider_speed":5,"pager":"dots","slide_heading_size":22,"subheading_size":14,"cta_size":14}},"162567173863ea5075":{"type":"gallery","blocks":{"162567173863ea5075-0":{"type":"image","settings":{"overlay":false,"image_width":"33%","link":"","title_text":"Heading","hidden_text":"<p>Subheading<\/p>","text_color":"#000000","text_position":"on_image","caption_vertical":80,"caption_horizontal":50,"text_align":"center"}},"162567173863ea5075-1":{"type":"image","settings":{"overlay":false,"image_width":"33%","link":"","title_text":"Heading","hidden_text":"<p>Subheading<\/p>","text_color":"#000000","text_position":"on_image","caption_vertical":80,"caption_horizontal":50,"text_align":"center"}},"162567173863ea5075-2":{"type":"image","settings":{"overlay":false,"image_width":"33%","link":"","title_text":"Heading","hidden_text":"<p>Subheading<\/p>","text_color":"#000000","text_position":"on_image","caption_vertical":80,"caption_horizontal":50,"text_align":"center"}}},"block_order":["162567173863ea5075-0","162567173863ea5075-1","162567173863ea5075-2"],"settings":{"full_width":false,"promo_size":22,"hidden_size":14}},"1625671748b5e64356":{"type":"image-with-text-overlay","settings":{"full_width":true,"overlay":false,"background_attachment":"fixed","height":400,"mobile_height":400,"text_align":"center","caption_vertical":50,"caption_horizontal":50,"heading":"Image with text overlay","subheading_text":"<p>Subheading text<\/p>","button_text":"Button","link":"","heading_font_size":30,"subheading_font_size":16,"text_color":"#000","button_text_color":"#fff","button_color":"#000"}},"162567175551040fc5":{"type":"featured-collection","settings":{"title":"Featured collection","collection":"","carousel":true,"grid":4,"limit":10}},"16256717602b44b536":{"type":"collection-list","blocks":{"16256717602b44b536-0":{"type":"featured_collection","settings":{"collection":""}},"16256717602b44b536-1":{"type":"featured_collection","settings":{"collection":""}},"16256717602b44b536-2":{"type":"featured_collection","settings":{"collection":""}}},"block_order":["16256717602b44b536-0","16256717602b44b536-1","16256717602b44b536-2"],"settings":{"title":"Collection list","grid":3,"title_position":"below","collection_count":false}},"1625671772ae604f4a":{"type":"image-with-text-overlay","settings":{"full_width":true,"overlay":false,"background_attachment":"fixed","height":400,"mobile_height":400,"text_align":"center","caption_vertical":50,"caption_horizontal":50,"heading":"Image with text overlay","subheading_text":"<p>Subheading text<\/p>","button_text":"Button","link":"","heading_font_size":30,"subheading_font_size":16,"text_color":"#000","button_text_color":"#fff","button_color":"#000"}},"16256717844b22c31c":{"type":"featured-collection","settings":{"title":"Featured collection","collection":"","carousel":true,"grid":4,"limit":10}},"1625671777dd905141":{"type":"collage","blocks":{"1625671777dd905141-0":{"type":"text","settings":{"title_text":"Our collections","text":"<p>Add text blocks to call out features, updates and more.<\/p>","column_size":2}},"1625671777dd905141-1":{"type":"image","settings":{"link":"","column_size":2}},"1625671777dd905141-2":{"type":"image","settings":{"link":"","column_size":2}}},"block_order":["1625671777dd905141-0","1625671777dd905141-1","1625671777dd905141-2"],"settings":{"display_wide":false,"no_space":false}},"1625671845c9538e1f":{"type":"newsletter","settings":{"heading":"Subscribe to our newsletter","newsletter_subheading":"<p>Signup for our newsletter to stay up to date on sales and events.<\/p>","background_color":"#f7f7f7"}}},"order":["1625671734793532ca","162567173863ea5075","1625671748b5e64356","162567175551040fc5","16256717602b44b536","1625671772ae604f4a","16256717844b22c31c","1625671777dd905141","1625671845c9538e1f"]}