{"sections":{"breadcrumbs":{"type":"breadcrumbs","settings":{}},"main":{"type":"main-page","settings":{"page_width":100}},"16269030778cb19b07":{"type":"accordion","blocks":{"16269030778cb19b07-0":{"type":"accordion_pane","settings":{"title":"Heading","content":"<p>Accordion pane content<\/p>"}},"16269030778cb19b07-1":{"type":"accordion_pane","settings":{"title":"Heading","content":"<p>Accordion pane content<\/p>"}},"16269030778cb19b07-2":{"type":"accordion_pane","settings":{"title":"Heading","content":"<p>Accordion pane content<\/p>"}},"f41b6754-f902-4fe5-ac87-9555835dd00c":{"type":"accordion_pane","settings":{"title":"Heading","content":"<p>Accordion pane content<\/p>"}},"38a91fcd-6027-43aa-808f-4f25ab0d6e9f":{"type":"accordion_pane","settings":{"title":"Heading","content":"<p>Accordion pane content<\/p>"}}},"block_order":["16269030778cb19b07-0","16269030778cb19b07-1","16269030778cb19b07-2","f41b6754-f902-4fe5-ac87-9555835dd00c","38a91fcd-6027-43aa-808f-4f25ab0d6e9f"],"settings":{"title":"FAQ","max_width":80,"allow_multiple":true}},"1626903085ee74dcdf":{"type":"rich-text","blocks":{"1626903085ee74dcdf-0":{"type":"text_block","settings":{"title":"Rich text block","text":"<p>Add some text blocks to your page with editable widths for a single or multi-column display<\/p>","page":"","center":false,"block_width":50}},"cbf73103-890c-42bf-b3d2-259fd48a3efa":{"type":"text_block","settings":{"title":"Rich text block","text":"<p>Add some text blocks to your page with editable widths for a single or multi-column display<\/p>","page":"","center":false,"block_width":50}}},"block_order":["1626903085ee74dcdf-0","cbf73103-890c-42bf-b3d2-259fd48a3efa"],"settings":{"padding":80,"text_color":"#000000","background_color":"#ffffff"}},"16269031723bf3425d":{"type":"newsletter","settings":{"no_top_margin":false,"heading":"Subscribe to our newsletter","newsletter_subheading":"<p>Signup for our newsletter to stay up to date on sales and events.<\/p>","newsletter_gdpr_text":"*By completing this form you're signing up to receive our emails and can unsubscribe at any time","color":"#000000","background_color":"#f7f7f7"}}},"order":["breadcrumbs","main","16269030778cb19b07","1626903085ee74dcdf","16269031723bf3425d"]}