{"sections":{"breadcrumbs":{"type":"breadcrumbs","settings":{}},"main":{"type":"main-product","blocks":{"product_info":{"type":"product_info","settings":{}},"product_form":{"type":"product_form","settings":{}},"product_description":{"type":"product_description","settings":{}},"social_sharing":{"type":"social_sharing","settings":{"show_twitter":true,"show_facebook":true,"show_pinterest":true}}},"block_order":["product_info","product_form","product_description","social_sharing"],"settings":{"product_form_background":"#ffffff","product_page_border":"#ffffff","form_left":true,"thumbnail_position":"bottom","click_to_enlarge":true,"enable_video_looping":true,"show_contact_link":true,"description_position":"right","allow_multiple":true}},"product-recommendations":{"type":"product-recommendations","settings":{"product_recommendations_heading":"You may also like","per_row":5,"limit":5}},"1626903484a5ee1dcb":{"type":"rich-text","blocks":{"1626903484a5ee1dcb-0":{"type":"text_block","settings":{"title":"Spread the word, our products are great!","text":"<p>By adding additional sections to your product page you can add more context and information about your company. Use additional sections to cross promote other products and collections.<\/p>","page":"","center":true,"block_width":50}}},"block_order":["1626903484a5ee1dcb-0"],"settings":{"padding":50,"text_color":"#000000","background_color":"#ffffff"}},"16269034530f3a50aa":{"type":"editorial-columns","blocks":{"16269034530f3a50aa-0":{"type":"text_block","settings":{"link":"","title_text":"Our collections","text":"<p>Add text with images to give and content and editorial feel. Drive traffic to key areas of your store<\/p>","button_text":"Button"}},"16269034530f3a50aa-1":{"type":"text_block","settings":{"link":"","title_text":"Our collections","text":"<p>Add text with images to give and content and editorial feel. Drive traffic to key areas of your store<\/p>","button_text":"Button"}},"16269034530f3a50aa-2":{"type":"text_block","settings":{"link":"","title_text":"Our collections","text":"<p>Add text with images to give and content and editorial feel. Drive traffic to key areas of your store<\/p>","button_text":"Button"}}},"block_order":["16269034530f3a50aa-0","16269034530f3a50aa-1","16269034530f3a50aa-2"],"settings":{"no_top_margin":false,"title":"Editorial content","center_align":false}},"1626903443c5612d60":{"type":"newsletter","settings":{"no_top_margin":false,"heading":"Subscribe to our newsletter","newsletter_subheading":"<p>Signup for our newsletter to stay up to date on sales and events.<\/p>","newsletter_gdpr_text":"*By completing this form you're signing up to receive our emails and can unsubscribe at any time","color":"#000000","background_color":"#f7f7f7"}}},"order":["breadcrumbs","main","product-recommendations","1626903484a5ee1dcb","16269034530f3a50aa","1626903443c5612d60"]}